[{"pk": 1, "model": "contenttypes.contenttype", "fields": {"model": "permission", "name": "permission", "app_label": "auth"}}, {"pk": 2, "model": "contenttypes.contenttype", "fields": {"model": "group", "name": "group", "app_label": "auth"}}, {"pk": 3, "model": "contenttypes.contenttype", "fields": {"model": "user", "name": "user", "app_label": "auth"}}, {"pk": 4, "model": "contenttypes.contenttype", "fields": {"model": "contenttype", "name": "content type", "app_label": "contenttypes"}}, {"pk": 5, "model": "contenttypes.contenttype", "fields": {"model": "session", "name": "session", "app_label": "sessions"}}, {"pk": 6, "model": "contenttypes.contenttype", "fields": {"model": "site", "name": "site", "app_label": "sites"}}, {"pk": 7, "model": "contenttypes.contenttype", "fields": {"model": "logentry", "name": "log entry", "app_label": "admin"}}, {"pk": 8, "model": "contenttypes.contenttype", "fields": {"model": "objectindex", "name": "object index", "app_label": "core"}}, {"pk": 9, "model": "contenttypes.contenttype", "fields": {"model": "integerobjectindex", "name": "integer object index", "app_label": "core"}}, {"pk": 10, "model": "contenttypes.contenttype", "fields": {"model": "charobjectindex", "name": "char object index", "app_label": "core"}}, {"pk": 11, "model": "contenttypes.contenttype", "fields": {"model": "organization", "name": "organization", "app_label": "people"}}, {"pk": 12, "model": "contenttypes.contenttype", "fields": {"model": "researcher", "name": "researcher", "app_label": "people"}}, {"pk": 13, "model": "contenttypes.contenttype", "fields": {"model": "position", "name": "position", "app_label": "people"}}, {"pk": 14, "model": "contenttypes.contenttype", "fields": {"model": "supplier", "name": "supplier", "app_label": "people"}}, {"pk": 15, "model": "contenttypes.contenttype", "fields": {"model": "species", "name": "species", "app_label": "species"}}, {"pk": 16, "model": "contenttypes.contenttype", "fields": {"model": "strain", "name": "strain", "app_label": "species"}}, {"pk": 17, "model": "contenttypes.contenttype", "fields": {"model": "unit", "name": "unit", "app_label": "units"}}, {"pk": 18, "model": "contenttypes.contenttype", "fields": {"model": "communicationprotocol", "name": "communication protocol", "app_label": "storage"}}, {"pk": 19, "model": "contenttypes.contenttype", "fields": {"model": "mimetype", "name": "mime type", "app_label": "storage"}}, {"pk": 20, "model": "contenttypes.contenttype", "fields": {"model": "fileserver", "name": "file server", "app_label": "storage"}}, {"pk": 21, "model": "contenttypes.contenttype", "fields": {"model": "filelocation", "name": "file location", "app_label": "storage"}}, {"pk": 22, "model": "contenttypes.contenttype", "fields": {"model": "file", "name": "file", "app_label": "storage"}}, {"pk": 23, "model": "contenttypes.contenttype", "fields": {"model": "parameter", "name": "parameter", "app_label": "measurements"}}, {"pk": 24, "model": "contenttypes.contenttype", "fields": {"model": "measurement", "name": "measurement", "app_label": "measurements"}}, {"pk": 25, "model": "contenttypes.contenttype", "fields": {"model": "brainregion", "name": "brain region", "app_label": "neuralstructures"}}, {"pk": 26, "model": "contenttypes.contenttype", "fields": {"model": "celltype", "name": "cell type", "app_label": "neuralstructures"}}, {"pk": 27, "model": "contenttypes.contenttype", "fields": {"model": "cell", "name": "cell", "app_label": "neuralstructures"}}, {"pk": 28, "model": "contenttypes.contenttype", "fields": {"model": "substance", "name": "substance", "app_label": "chemistry"}}, {"pk": 29, "model": "contenttypes.contenttype", "fields": {"model": "product", "name": "product", "app_label": "chemistry"}}, {"pk": 30, "model": "contenttypes.contenttype", "fields": {"model": "solution", "name": "solution", "app_label": "chemistry"}}, {"pk": 31, "model": "contenttypes.contenttype", "fields": {"model": "quantityofsubstance", "name": "quantity of substance", "app_label": "chemistry"}}, {"pk": 32, "model": "contenttypes.contenttype", "fields": {"model": "position", "name": "position", "app_label": "locations"}}, {"pk": 33, "model": "contenttypes.contenttype", "fields": {"model": "type", "name": "type", "app_label": "devices"}}, {"pk": 34, "model": "contenttypes.contenttype", "fields": {"model": "item", "name": "item", "app_label": "devices"}}, {"pk": 35, "model": "contenttypes.contenttype", "fields": {"model": "itemproperties", "name": "item properties", "app_label": "devices"}}, {"pk": 36, "model": "contenttypes.contenttype", "fields": {"model": "recordingpoint", "name": "recording point", "app_label": "devices"}}, {"pk": 37, "model": "contenttypes.contenttype", "fields": {"model": "subsystem", "name": "sub system", "app_label": "devices"}}, {"pk": 38, "model": "contenttypes.contenttype", "fields": {"model": "setup", "name": "setup", "app_label": "devices"}}, {"pk": 39, "model": "contenttypes.contenttype", "fields": {"model": "type", "name": "type", "app_label": "stimulations"}}, {"pk": 40, "model": "contenttypes.contenttype", "fields": {"model": "stimulus", "name": "stimulus", "app_label": "stimulations"}}, {"pk": 41, "model": "contenttypes.contenttype", "fields": {"model": "spike", "name": "spike", "app_label": "stimulations"}}, {"pk": 42, "model": "contenttypes.contenttype", "fields": {"model": "multi", "name": "multistim", "app_label": "stimulations"}}, {"pk": 43, "model": "contenttypes.contenttype", "fields": {"model": "driftinggrating", "name": "drifting grating", "app_label": "stimulations"}}, {"pk": 44, "model": "contenttypes.contenttype", "fields": {"model": "animal", "name": "animal", "app_label": "preparations"}}, {"pk": 45, "model": "contenttypes.contenttype", "fields": {"model": "preparation", "name": "preparation", "app_label": "preparations"}}, {"pk": 46, "model": "contenttypes.contenttype", "fields": {"model": "experiment", "name": "experiment", "app_label": "experiments"}}, {"pk": 47, "model": "contenttypes.contenttype", "fields": {"model": "drugapplication", "name": "drug application", "app_label": "drugs"}}, {"pk": 48, "model": "contenttypes.contenttype", "fields": {"model": "block", "name": "block", "app_label": "recordings"}}, {"pk": 49, "model": "contenttypes.contenttype", "fields": {"model": "recording", "name": "recording", "app_label": "recordings"}}, {"pk": 50, "model": "contenttypes.contenttype", "fields": {"model": "segment", "name": "segment", "app_label": "recordings"}}, {"pk": 51, "model": "contenttypes.contenttype", "fields": {"model": "continuoussignal", "name": "continuous signal", "app_label": "recordings"}}, {"pk": 52, "model": "contenttypes.contenttype", "fields": {"model": "discretesignal", "name": "discrete signal", "app_label": "recordings"}}, {"pk": 53, "model": "contenttypes.contenttype", "fields": {"model": "recordingchannel", "name": "recording channel", "app_label": "recordings"}}, {"pk": 54, "model": "contenttypes.contenttype", "fields": {"model": "datasource", "name": "data source", "app_label": "analysis"}}, {"pk": 55, "model": "contenttypes.contenttype", "fields": {"model": "step", "name": "step", "app_label": "analysis"}}, {"pk": 56, "model": "contenttypes.contenttype", "fields": {"model": "image", "name": "image", "app_label": "analysis"}}, {"pk": 57, "model": "contenttypes.contenttype", "fields": {"model": "timeline", "name": "timeline", "app_label": "notebooks"}}, {"pk": 58, "model": "contenttypes.contenttype", "fields": {"model": "event", "name": "event", "app_label": "notebooks"}}, {"pk": 59, "model": "contenttypes.contenttype", "fields": {"model": "epoch", "name": "epoch", "app_label": "notebooks"}}, {"pk": 60, "model": "contenttypes.contenttype", "fields": {"model": "userobjectpermission", "name": "user object permission", "app_label": "guardian"}}, {"pk": 61, "model": "contenttypes.contenttype", "fields": {"model": "groupobjectpermission", "name": "group object permission", "app_label": "guardian"}}, {"pk": 62, "model": "contenttypes.contenttype", "fields": {"model": "apiaccess", "name": "api access", "app_label": "tastypie"}}, {"pk": 63, "model": "contenttypes.contenttype", "fields": {"model": "apikey", "name": "api key", "app_label": "tastypie"}}, {"pk": "0fi18adku3o32nikh3ukkj48zrr22rsk", "model": "sessions.session", "fields": {"expire_date": "2016-01-21T12:24:25.975Z", "session_data": "NThkNGZhMDI3YmU4MWE4ODE5ZjYxOTBkOTJhMGViMWFlYTkxMDRhMzqAAn1xAShVEl9hdXRoX3VzZXJfYmFja2VuZHECVSlkamFuZ28uY29udHJpYi5hdXRoLmJhY2tlbmRzLk1vZGVsQmFja2VuZHEDVQ1fYXV0aF91c2VyX2lkcQRLAXUu"}}, {"pk": "13hfkkz845bcych92zto9qbf1aq73cnk", "model": "sessions.session", "fields": {"expire_date": "2015-12-03T12:02:59.973Z", "session_data": "NThkNGZhMDI3YmU4MWE4ODE5ZjYxOTBkOTJhMGViMWFlYTkxMDRhMzqAAn1xAShVEl9hdXRoX3VzZXJfYmFja2VuZHECVSlkamFuZ28uY29udHJpYi5hdXRoLmJhY2tlbmRzLk1vZGVsQmFja2VuZHEDVQ1fYXV0aF91c2VyX2lkcQRLAXUu"}}, {"pk": "81nt0xyncbgxwob7e7at3gmlr3rnz7i5", "model": "sessions.session", "fields": {"expire_date": "2015-12-24T13:27:17.405Z", "session_data": "NThkNGZhMDI3YmU4MWE4ODE5ZjYxOTBkOTJhMGViMWFlYTkxMDRhMzqAAn1xAShVEl9hdXRoX3VzZXJfYmFja2VuZHECVSlkamFuZ28uY29udHJpYi5hdXRoLmJhY2tlbmRzLk1vZGVsQmFja2VuZHEDVQ1fYXV0aF91c2VyX2lkcQRLAXUu"}}, {"pk": "d5gncoqyb5c7otajijgp7jtr36z4k2ww", "model": "sessions.session", "fields": {"expire_date": "2016-02-10T16:32:26.041Z", "session_data": "NThkNGZhMDI3YmU4MWE4ODE5ZjYxOTBkOTJhMGViMWFlYTkxMDRhMzqAAn1xAShVEl9hdXRoX3VzZXJfYmFja2VuZHECVSlkamFuZ28uY29udHJpYi5hdXRoLmJhY2tlbmRzLk1vZGVsQmFja2VuZHEDVQ1fYXV0aF91c2VyX2lkcQRLAXUu"}}, {"pk": "eip3jmu1e4jpdox65i968e3e3mgyt580", "model": "sessions.session", "fields": {"expire_date": "2016-01-20T12:33:39.193Z", "session_data": "NThkNGZhMDI3YmU4MWE4ODE5ZjYxOTBkOTJhMGViMWFlYTkxMDRhMzqAAn1xAShVEl9hdXRoX3VzZXJfYmFja2VuZHECVSlkamFuZ28uY29udHJpYi5hdXRoLmJhY2tlbmRzLk1vZGVsQmFja2VuZHEDVQ1fYXV0aF91c2VyX2lkcQRLAXUu"}}, {"pk": "fphyxh0lli3padvg95pnr1xtjhqrupqd", "model": "sessions.session", "fields": {"expire_date": "2015-11-19T10:05:40.472Z", "session_data": "NThkNGZhMDI3YmU4MWE4ODE5ZjYxOTBkOTJhMGViMWFlYTkxMDRhMzqAAn1xAShVEl9hdXRoX3VzZXJfYmFja2VuZHECVSlkamFuZ28uY29udHJpYi5hdXRoLmJhY2tlbmRzLk1vZGVsQmFja2VuZHEDVQ1fYXV0aF91c2VyX2lkcQRLAXUu"}}, {"pk": "i3w32mfg70dgmtdyje7dsn08gxwpk86q", "model": "sessions.session", "fields": {"expire_date": "2015-12-30T09:58:18.174Z", "session_data": "NThkNGZhMDI3YmU4MWE4ODE5ZjYxOTBkOTJhMGViMWFlYTkxMDRhMzqAAn1xAShVEl9hdXRoX3VzZXJfYmFja2VuZHECVSlkamFuZ28uY29udHJpYi5hdXRoLmJhY2tlbmRzLk1vZGVsQmFja2VuZHEDVQ1fYXV0aF91c2VyX2lkcQRLAXUu"}}, {"pk": "n6ory5v1y4qccwpr6kxs48xfj18j3tob", "model": "sessions.session", "fields": {"expire_date": "2016-01-21T10:22:54.530Z", "session_data": "NThkNGZhMDI3YmU4MWE4ODE5ZjYxOTBkOTJhMGViMWFlYTkxMDRhMzqAAn1xAShVEl9hdXRoX3VzZXJfYmFja2VuZHECVSlkamFuZ28uY29udHJpYi5hdXRoLmJhY2tlbmRzLk1vZGVsQmFja2VuZHEDVQ1fYXV0aF91c2VyX2lkcQRLAXUu"}}, {"pk": "tl0ilsl47zucz0wuf5ps6slw4zga02rf", "model": "sessions.session", "fields": {"expire_date": "2016-02-10T16:53:45.366Z", "session_data": "NThkNGZhMDI3YmU4MWE4ODE5ZjYxOTBkOTJhMGViMWFlYTkxMDRhMzqAAn1xAShVEl9hdXRoX3VzZXJfYmFja2VuZHECVSlkamFuZ28uY29udHJpYi5hdXRoLmJhY2tlbmRzLk1vZGVsQmFja2VuZHEDVQ1fYXV0aF91c2VyX2lkcQRLAXUu"}}, {"pk": 1, "model": "sites.site", "fields": {"domain": "example.com", "name": "example.com"}}, {"pk": "sup1", "model": "people.supplier", "fields": {"website": "http://www.sup1.pd/", "town": "dsq6dqs", "country": "d6+5ds", "notes": "", "phone": "5655656", "state": "", "postal_code": "56533", "street_address": "6 s5dq6 dsq65"}}, {"pk": "sup2aa", "model": "people.supplier", "fields": {"website": "http://www.65df.ms/", "town": "dsds", "country": "dfs5", "notes": "", "phone": "665", "state": "", "postal_code": "454545", "street_address": "4 f86sd"}}, {"pk": 1, "model": "species.species", "fields": {"scientific_name": "specie1", "url": "", "codename": "4fsd546", "lsid": "", "english_name": "555dfs"}}, {"pk": "strain01", "model": "species.strain", "fields": {"url": "http://www.kkkdld.md/", "notes": "opdms dflmkdslmq dsfq", "species": 1, "label": "strain01"}}, {"pk": "gfdfd", "model": "chemistry.solution", "fields": {}}, {"pk": "gfdgfd", "model": "chemistry.solution", "fields": {}}, {"pk": "fds", "model": "devices.type", "fields": {}}, {"pk": 1, "model": "devices.item", "fields": {"internal_diameter": null, "rows": null, "notes": "", "serial_or_id": "", "label": "gdf", "step": null, "version": "df", "impedance": null, "model": "gdf", "type": "fds", "columns": null, "manufacturer": null}}, {"pk": 1, "model": "devices.setup", "fields": {"subsystems": [], "place": 1, "room": "", "label": "fsd"}}, {"pk": 1, "model": "preparations.animal", "fields": {"weight": 12.0, "sacrifice": "2015-11-21", "sex": "M", "strain": "strain01", "birth": "2015-11-12", "supplier": "sup1", "identifier": "cat0122", "nickname": "ieopepo"}}, {"pk": 2, "model": "preparations.animal", "fields": {"weight": 32.0, "sacrifice": "2015-11-24", "sex": "F", "strain": "strain01", "birth": "2015-11-24", "supplier": "sup2aa", "identifier": "moise01AA", "nickname": "f1d56AA"}}, {"pk": 3, "model": "preparations.animal", "fields": {"weight": 23.0, "sacrifice": "2015-11-25", "sex": "M", "strain": null, "birth": "2015-11-05", "supplier": "sup2aa", "identifier": "cat03", "nickname": "dsds"}}, {"pk": 4, "model": "preparations.animal", "fields": {"weight": 12.0, "sacrifice": "2015-11-25", "sex": "F", "strain": null, "birth": "2015-11-25", "supplier": "sup1", "identifier": "gfdgf", "nickname": "sdf5"}}, {"pk": 5, "model": "preparations.animal", "fields": {"weight": 12.0, "sacrifice": "2016-01-06", "sex": "M", "strain": null, "birth": "2016-01-07", "supplier": null, "identifier": "Test christophe 01", "nickname": "fdfsfds"}}, {"pk": 1, "model": "preparations.preparation", "fields": {"bath_solution": "gfdgfd", "protocol": "fds 3333", "cutting_solution": "gfdfd", "cut_orientation": "55", "thickness": 656.0, "equipment": 1, "animal": 1, "model_description": "fds", "type": "IN-VIVO-EXTRA"}}, {"pk": 2, "model": "preparations.preparation", "fields": {"bath_solution": "gfdgfd", "protocol": "fds6556dsf", "cutting_solution": "gfdfd", "cut_orientation": "566fds", "thickness": null, "equipment": 1, "animal": 2, "model_description": "6sfd65fsqd65", "type": "IN-VIVO-VSD"}}, {"pk": 3, "model": "preparations.preparation", "fields": {"bath_solution": null, "protocol": "dddd2323", "cutting_solution": null, "cut_orientation": null, "thickness": null, "equipment": null, "animal": 4, "model_description": null, "type": "IN-VIVO-EXTRA"}}, {"pk": 4, "model": "preparations.preparation", "fields": {"bath_solution": null, "protocol": "VSDCAT1", "cutting_solution": null, "cut_orientation": null, "thickness": null, "equipment": null, "animal": 1, "model_description": null, "type": "IN-VIVO-VSD"}}, {"pk": 5, "model": "preparations.preparation", "fields": {"bath_solution": null, "protocol": "test christophe protocol 01", "cutting_solution": null, "cut_orientation": null, "thickness": null, "equipment": null, "animal": 5, "model_description": null, "type": "IN-VIVO-VSD"}}, {"pk": 1, "model": "experiments.experiment", "fields": {"end": null, "notes": "5fsd665dsf", "label": "fdsfd", "preparation": null, "start": "2015-11-05T10:12:56.864Z", "type": "CAT VISUAL INVIVO INTRA", "setup": 1, "researchers": []}}, {"pk": 2, "model": "experiments.experiment", "fields": {"end": "2015-11-17T14:32:20.186Z", "notes": "dd", "label": "2015 47", "preparation": null, "start": "2015-11-17T12:12:50.436Z", "type": "CAT VISUAL INVIVO EXTRA", "setup": 1, "researchers": []}}, {"pk": 3, "model": "experiments.experiment", "fields": {"end": "2015-11-17T16:36:51.661Z", "notes": "dfssfd", "label": "2015 47 2", "preparation": 2, "start": "2015-11-17T16:17:07.700Z", "type": "CAT VISUAL INVIVO EXTRA", "setup": 1, "researchers": [2]}}, {"pk": 4, "model": "experiments.experiment", "fields": {"end": "2015-11-17T16:37:37.061Z", "notes": "fsd", "label": "2015 47 11", "preparation": null, "start": "2015-11-17T16:37:10.289Z", "type": "CAT VISUAL INVIVO INTRA", "setup": 1, "researchers": []}}, {"pk": 5, "model": "experiments.experiment", "fields": {"end": "2015-11-17T16:38:38.965Z", "notes": "fds", "label": "2015 47 12", "preparation": 4, "start": "2015-11-17T16:37:59.719Z", "type": "CAT VISUAL INVIVO EXTRA", "setup": 1, "researchers": [1, 2]}}, {"pk": 6, "model": "experiments.experiment", "fields": {"end": "2015-11-17T16:39:05.628Z", "notes": "fdsgfsdgd", "label": "2015 47 ffgfgfs", "preparation": 1, "start": "2015-11-17T16:38:57.977Z", "type": "CAT VISUAL INVIVO EXTRA", "setup": 1, "researchers": [1, 2]}}, {"pk": 7, "model": "experiments.experiment", "fields": {"end": "2015-11-17T16:39:51.252Z", "notes": "5f5f5", "label": "2015 47", "preparation": null, "start": "2015-11-17T16:39:38.433Z", "type": "CAT VISUAL INVIVO INTRA", "setup": 1, "researchers": []}}, {"pk": 8, "model": "experiments.experiment", "fields": {"end": "2015-11-17T17:01:30.029Z", "notes": "dfs", "label": "2015 47fsd", "preparation": 3, "start": "2015-11-17T16:40:36.164Z", "type": "CAT VISUAL INVIVO INTRA", "setup": 1, "researchers": [1, 2]}}, {"pk": 9, "model": "experiments.experiment", "fields": {"end": null, "notes": "fd", "label": "2015 47", "preparation": null, "start": "2015-11-17T17:01:13.237Z", "type": "CAT VISUAL INVIVO EXTRA", "setup": 1, "researchers": []}}, {"pk": 10, "model": "experiments.experiment", "fields": {"end": null, "notes": "fds", "label": "2015 47 a", "preparation": 1, "start": "2015-11-24T08:25:05Z", "type": "CAT VISUAL INVIVO EXTRA", "setup": 1, "researchers": [1]}}, {"pk": 11, "model": "experiments.experiment", "fields": {"end": null, "notes": "ffds", "label": "2015 48 01", "preparation": 2, "start": "2015-11-23T10:06:50.301Z", "type": "CAT VISUAL INVIVO INTRA", "setup": 1, "researchers": []}}, {"pk": 12, "model": "experiments.experiment", "fields": {"end": null, "notes": "df", "label": "2015 48 02", "preparation": null, "start": "2015-11-23T12:24:08.427Z", "type": "CAT VISUAL INVIVO INTRA", "setup": 1, "researchers": []}}, {"pk": 13, "model": "experiments.experiment", "fields": {"end": null, "notes": "fsd", "label": "2015 49", "preparation": 2, "start": "2015-12-03T16:47:44Z", "type": "CAT VISUAL INVIVO INTRA", "setup": 1, "researchers": [1, 2]}}, {"pk": 14, "model": "experiments.experiment", "fields": {"end": "2015-12-16T09:50:20.690Z", "notes": "trzetr", "label": "2015 51 1", "preparation": 2, "start": "2015-12-14T16:01:09.894Z", "type": "CAT VISUAL INVIVO EXTRA", "setup": 1, "researchers": [2]}}, {"pk": 15, "model": "experiments.experiment", "fields": {"end": null, "notes": "fdsfds", "label": "2015 51 2", "preparation": 3, "start": "2015-12-14T17:00:23Z", "type": "CAT VISUAL INVIVO EXTRA", "setup": 1, "researchers": [2]}}, {"pk": 16, "model": "experiments.experiment", "fields": {"end": null, "notes": "hfddhf", "label": "2015 51 03", "preparation": 2, "start": "2015-12-14T17:03:59.924Z", "type": "CAT VISUAL INVIVO EXTRA", "setup": 1, "researchers": [2]}}, {"pk": 17, "model": "experiments.experiment", "fields": {"end": null, "notes": "fds45fds", "label": "2015 51 04", "preparation": 4, "start": "2015-12-14T17:07:53.976Z", "type": "CAT VISUAL INVIVO EXTRA", "setup": 1, "researchers": [2]}}, {"pk": 18, "model": "experiments.experiment", "fields": {"end": null, "notes": "fsdfsd", "label": "2015 51 05", "preparation": 2, "start": "2015-12-14T17:32:06.746Z", "type": "CAT VISUAL INVIVO INTRA", "setup": 1, "researchers": [1]}}, {"pk": 19, "model": "experiments.experiment", "fields": {"end": null, "notes": "hghgd", "label": "2015 51 05", "preparation": 3, "start": "2015-12-14T17:32:21.337Z", "type": "CAT VISUAL INVIVO EXTRA", "setup": 1, "researchers": [2]}}, {"pk": 20, "model": "experiments.experiment", "fields": {"end": null, "notes": "gdgdfd", "label": "2015 51 06", "preparation": 3, "start": "2015-12-15T13:13:26.314Z", "type": "CAT VISUAL VSD", "setup": 1, "researchers": [2]}}, {"pk": 21, "model": "experiments.experiment", "fields": {"end": null, "notes": "oifdsjds fdsqofodsq", "label": "2015 51 07", "preparation": 3, "start": "2015-12-16T15:11:52.608Z", "type": "CAT VISUAL VSD", "setup": 1, "researchers": [1]}}, {"pk": 22, "model": "experiments.experiment", "fields": {"end": null, "notes": "gsdgfs", "label": "2015 51 gsdgd", "preparation": 3, "start": "2015-12-15T14:26:39.933Z", "type": "CAT VISUAL INVIVO EXTRA", "setup": 1, "researchers": [1, 2]}}, {"pk": 23, "model": "experiments.experiment", "fields": {"end": "2015-12-16T15:11:04.050Z", "notes": "xcvxvc fdfd", "label": "2015 51 08", "preparation": 3, "start": "2015-12-16T09:22:11Z", "type": "CAT VISUAL INVIVO EXTRA", "setup": 1, "researchers": [1, 2]}}, {"pk": 24, "model": "experiments.experiment", "fields": {"end": null, "notes": "gfdf", "label": "2016 2 test christophe 01", "preparation": 5, "start": "2016-01-07T12:38:24.487Z", "type": "CAT VISUAL INVIVO EXTRA", "setup": 1, "researchers": [2]}}, {"pk": 1, "model": "notebooks.timeline", "fields": {"date": "2015-11-05T10:12:57.134Z", "color": "#f2f7ff", "experiment": 1, "name": "6 Neuron", "height": 150}}, {"pk": 2, "model": "notebooks.timeline", "fields": {"date": "2015-11-05T10:12:57.134Z", "color": "#AAFFCC", "experiment": 1, "name": "3 Physiologic", "height": 150}}, {"pk": 3, "model": "notebooks.timeline", "fields": {"date": "2015-11-05T10:12:57.134Z", "color": "#D5E5FF", "experiment": 1, "name": "1 Anesthetic", "height": 150}}, {"pk": 4, "model": "notebooks.timeline", "fields": {"date": "2015-11-05T10:12:57.134Z", "color": "#FFEEAA", "experiment": 1, "name": "4 Environment", "height": 150}}, {"pk": 5, "model": "notebooks.timeline", "fields": {"date": "2015-11-05T10:12:57.134Z", "color": "#FFAACC", "experiment": 1, "name": "2 Paralytic", "height": 150}}, {"pk": 6, "model": "notebooks.timeline", "fields": {"date": "2015-11-05T10:12:57.134Z", "color": "#f2f7ff", "experiment": 1, "name": "5 Electrode", "height": 150}}, {"pk": 7, "model": "notebooks.timeline", "fields": {"date": "2015-11-05T10:12:57.134Z", "color": "#f2f7ff", "experiment": 1, "name": "7 Protocol", "height": 150}}, {"pk": 8, "model": "notebooks.timeline", "fields": {"date": "2015-11-17T12:12:50.745Z", "color": "#D5E5FF", "experiment": 2, "name": "1 Anesthetic", "height": 150}}, {"pk": 9, "model": "notebooks.timeline", "fields": {"date": "2015-11-17T12:12:50.745Z", "color": "#FFAACC", "experiment": 2, "name": "2 Paralytic", "height": 150}}, {"pk": 10, "model": "notebooks.timeline", "fields": {"date": "2015-11-17T12:12:50.745Z", "color": "#FFEEAA", "experiment": 2, "name": "4 Environment", "height": 150}}, {"pk": 11, "model": "notebooks.timeline", "fields": {"date": "2015-11-17T12:12:50.745Z", "color": "#f2f7ff", "experiment": 2, "name": "5 Electrode", "height": 150}}, {"pk": 12, "model": "notebooks.timeline", "fields": {"date": "2015-11-17T12:12:50.745Z", "color": "#f2f7ff", "experiment": 2, "name": "7 Protocol", "height": 150}}, {"pk": 13, "model": "notebooks.timeline", "fields": {"date": "2015-11-17T12:12:50.745Z", "color": "#f2f7ff", "experiment": 2, "name": "6 Neuron", "height": 150}}, {"pk": 14, "model": "notebooks.timeline", "fields": {"date": "2015-11-17T12:12:50.745Z", "color": "#AAFFCC", "experiment": 2, "name": "3 Physiologic", "height": 150}}, {"pk": 15, "model": "notebooks.timeline", "fields": {"date": "2015-11-17T15:15:56.407Z", "color": "#D5E5FF", "experiment": 3, "name": "1 Anesthetic", "height": 150}}, {"pk": 16, "model": "notebooks.timeline", "fields": {"date": "2015-11-17T15:15:56.407Z", "color": "#f2f7ff", "experiment": 3, "name": "5 Electrode", "height": 150}}, {"pk": 17, "model": "notebooks.timeline", "fields": {"date": "2015-11-17T15:15:56.407Z", "color": "#f2f7ff", "experiment": 3, "name": "7 Protocol", "height": 150}}, {"pk": 18, "model": "notebooks.timeline", "fields": {"date": "2015-11-17T15:15:56.407Z", "color": "#f2f7ff", "experiment": 3, "name": "6 Neuron", "height": 150}}, {"pk": 19, "model": "notebooks.timeline", "fields": {"date": "2015-11-17T15:15:56.407Z", "color": "#AAFFCC", "experiment": 3, "name": "3 Physiologic", "height": 150}}, {"pk": 20, "model": "notebooks.timeline", "fields": {"date": "2015-11-17T15:15:56.407Z", "color": "#FFEEAA", "experiment": 3, "name": "4 Environment", "height": 150}}, {"pk": 21, "model": "notebooks.timeline", "fields": {"date": "2015-11-17T15:15:56.407Z", "color": "#FFAACC", "experiment": 3, "name": "2 Paralytic", "height": 150}}, {"pk": 22, "model": "notebooks.timeline", "fields": {"date": "2015-11-17T16:37:10.553Z", "color": "#FFEEAA", "experiment": 4, "name": "4 Environment", "height": 150}}, {"pk": 23, "model": "notebooks.timeline", "fields": {"date": "2015-11-17T16:37:10.553Z", "color": "#f2f7ff", "experiment": 4, "name": "5 Electrode", "height": 150}}, {"pk": 24, "model": "notebooks.timeline", "fields": {"date": "2015-11-17T16:37:10.553Z", "color": "#D5E5FF", "experiment": 4, "name": "1 Anesthetic", "height": 150}}, {"pk": 25, "model": "notebooks.timeline", "fields": {"date": "2015-11-17T16:37:10.553Z", "color": "#AAFFCC", "experiment": 4, "name": "3 Physiologic", "height": 150}}, {"pk": 26, "model": "notebooks.timeline", "fields": {"date": "2015-11-17T16:37:10.553Z", "color": "#f2f7ff", "experiment": 4, "name": "6 Neuron", "height": 150}}, {"pk": 27, "model": "notebooks.timeline", "fields": {"date": "2015-11-17T16:37:10.553Z", "color": "#f2f7ff", "experiment": 4, "name": "7 Protocol", "height": 150}}, {"pk": 28, "model": "notebooks.timeline", "fields": {"date": "2015-11-17T16:37:10.553Z", "color": "#FFAACC", "experiment": 4, "name": "2 Paralytic", "height": 150}}, {"pk": 29, "model": "notebooks.timeline", "fields": {"date": "2015-11-17T16:37:59.998Z", "color": "#AAFFCC", "experiment": 5, "name": "3 Physiologic", "height": 150}}, {"pk": 30, "model": "notebooks.timeline", "fields": {"date": "2015-11-17T16:37:59.998Z", "color": "#f2f7ff", "experiment": 5, "name": "6 Neuron", "height": 150}}, {"pk": 31, "model": "notebooks.timeline", "fields": {"date": "2015-11-17T16:37:59.998Z", "color": "#FFAACC", "experiment": 5, "name": "2 Paralytic", "height": 150}}, {"pk": 32, "model": "notebooks.timeline", "fields": {"date": "2015-11-17T16:37:59.998Z", "color": "#D5E5FF", "experiment": 5, "name": "1 Anesthetic", "height": 150}}, {"pk": 33, "model": "notebooks.timeline", "fields": {"date": "2015-11-17T16:37:59.998Z", "color": "#f2f7ff", "experiment": 5, "name": "5 Electrode", "height": 150}}, {"pk": 34, "model": "notebooks.timeline", "fields": {"date": "2015-11-17T16:37:59.998Z", "color": "#FFEEAA", "experiment": 5, "name": "4 Environment", "height": 150}}, {"pk": 35, "model": "notebooks.timeline", "fields": {"date": "2015-11-17T16:37:59.998Z", "color": "#f2f7ff", "experiment": 5, "name": "7 Protocol", "height": 150}}, {"pk": 36, "model": "notebooks.timeline", "fields": {"date": "2015-11-17T16:38:58.231Z", "color": "#FFAACC", "experiment": 6, "name": "2 Paralytic", "height": 150}}, {"pk": 37, "model": "notebooks.timeline", "fields": {"date": "2015-11-17T16:38:58.231Z", "color": "#FFEEAA", "experiment": 6, "name": "4 Environment", "height": 150}}, {"pk": 38, "model": "notebooks.timeline", "fields": {"date": "2015-11-17T16:38:58.231Z", "color": "#D5E5FF", "experiment": 6, "name": "1 Anesthetic", "height": 150}}, {"pk": 39, "model": "notebooks.timeline", "fields": {"date": "2015-11-17T16:38:58.231Z", "color": "#f2f7ff", "experiment": 6, "name": "6 Neuron", "height": 150}}, {"pk": 40, "model": "notebooks.timeline", "fields": {"date": "2015-11-17T16:38:58.231Z", "color": "#f2f7ff", "experiment": 6, "name": "7 Protocol", "height": 150}}, {"pk": 41, "model": "notebooks.timeline", "fields": {"date": "2015-11-17T16:38:58.231Z", "color": "#f2f7ff", "experiment": 6, "name": "5 Electrode", "height": 150}}, {"pk": 42, "model": "notebooks.timeline", "fields": {"date": "2015-11-17T16:38:58.231Z", "color": "#AAFFCC", "experiment": 6, "name": "3 Physiologic", "height": 150}}, {"pk": 43, "model": "notebooks.timeline", "fields": {"date": "2015-11-17T16:39:38.701Z", "color": "#FFAACC", "experiment": 7, "name": "2 Paralytic", "height": 150}}, {"pk": 44, "model": "notebooks.timeline", "fields": {"date": "2015-11-17T16:39:38.701Z", "color": "#f2f7ff", "experiment": 7, "name": "5 Electrode", "height": 150}}, {"pk": 45, "model": "notebooks.timeline", "fields": {"date": "2015-11-17T16:39:38.701Z", "color": "#AAFFCC", "experiment": 7, "name": "3 Physiologic", "height": 150}}, {"pk": 46, "model": "notebooks.timeline", "fields": {"date": "2015-11-17T16:39:38.701Z", "color": "#f2f7ff", "experiment": 7, "name": "7 Protocol", "height": 150}}, {"pk": 47, "model": "notebooks.timeline", "fields": {"date": "2015-11-17T16:39:38.701Z", "color": "#f2f7ff", "experiment": 7, "name": "6 Neuron", "height": 150}}, {"pk": 48, "model": "notebooks.timeline", "fields": {"date": "2015-11-17T16:39:38.701Z", "color": "#D5E5FF", "experiment": 7, "name": "1 Anesthetic", "height": 150}}, {"pk": 49, "model": "notebooks.timeline", "fields": {"date": "2015-11-17T16:39:38.701Z", "color": "#FFEEAA", "experiment": 7, "name": "4 Environment", "height": 150}}, {"pk": 50, "model": "notebooks.timeline", "fields": {"date": "2015-11-17T16:40:06.730Z", "color": "#FFAACC", "experiment": 8, "name": "2 Paralytic", "height": 150}}, {"pk": 51, "model": "notebooks.timeline", "fields": {"date": "2015-11-17T16:40:06.730Z", "color": "#f2f7ff", "experiment": 8, "name": "7 Protocol", "height": 150}}, {"pk": 52, "model": "notebooks.timeline", "fields": {"date": "2015-11-17T16:40:06.730Z", "color": "#D5E5FF", "experiment": 8, "name": "1 Anesthetic", "height": 150}}, {"pk": 53, "model": "notebooks.timeline", "fields": {"date": "2015-11-17T16:40:06.730Z", "color": "#f2f7ff", "experiment": 8, "name": "6 Neuron", "height": 150}}, {"pk": 54, "model": "notebooks.timeline", "fields": {"date": "2015-11-17T16:40:06.730Z", "color": "#f2f7ff", "experiment": 8, "name": "5 Electrode", "height": 150}}, {"pk": 55, "model": "notebooks.timeline", "fields": {"date": "2015-11-17T16:40:06.730Z", "color": "#AAFFCC", "experiment": 8, "name": "3 Physiologic", "height": 150}}, {"pk": 56, "model": "notebooks.timeline", "fields": {"date": "2015-11-17T16:40:06.730Z", "color": "#FFEEAA", "experiment": 8, "name": "4 Environment", "height": 150}}, {"pk": 57, "model": "notebooks.timeline", "fields": {"date": "2015-11-17T17:01:13.490Z", "color": "#FFAACC", "experiment": 9, "name": "2 Paralytic", "height": 150}}, {"pk": 58, "model": "notebooks.timeline", "fields": {"date": "2015-11-17T17:01:13.490Z", "color": "#D5E5FF", "experiment": 9, "name": "1 Anesthetic", "height": 150}}, {"pk": 59, "model": "notebooks.timeline", "fields": {"date": "2015-11-17T17:01:13.490Z", "color": "#f2f7ff", "experiment": 9, "name": "5 Electrode", "height": 150}}, {"pk": 60, "model": "notebooks.timeline", "fields": {"date": "2015-11-17T17:01:13.490Z", "color": "#f2f7ff", "experiment": 9, "name": "6 Neuron", "height": 150}}, {"pk": 61, "model": "notebooks.timeline", "fields": {"date": "2015-11-17T17:01:13.490Z", "color": "#FFEEAA", "experiment": 9, "name": "4 Environment", "height": 150}}, {"pk": 62, "model": "notebooks.timeline", "fields": {"date": "2015-11-17T17:01:13.490Z", "color": "#AAFFCC", "experiment": 9, "name": "3 Physiologic", "height": 150}}, {"pk": 63, "model": "notebooks.timeline", "fields": {"date": "2015-11-17T17:01:13.490Z", "color": "#f2f7ff", "experiment": 9, "name": "7 Protocol", "height": 150}}, {"pk": 64, "model": "notebooks.timeline", "fields": {"date": "2015-11-19T15:15:57.569Z", "color": "#f2f7ff", "experiment": 10, "name": "7 Protocol", "height": 150}}, {"pk": 65, "model": "notebooks.timeline", "fields": {"date": "2015-11-19T15:15:57.569Z", "color": "#D5E5FF", "experiment": 10, "name": "1 Anesthetic", "height": 150}}, {"pk": 66, "model": "notebooks.timeline", "fields": {"date": "2015-11-19T15:15:57.569Z", "color": "#FFAACC", "experiment": 10, "name": "2 Paralytic", "height": 150}}, {"pk": 67, "model": "notebooks.timeline", "fields": {"date": "2015-11-19T15:15:57.569Z", "color": "#FFEEAA", "experiment": 10, "name": "4 Environment", "height": 150}}, {"pk": 68, "model": "notebooks.timeline", "fields": {"date": "2015-11-19T15:15:57.569Z", "color": "#AAFFCC", "experiment": 10, "name": "3 Physiologic", "height": 150}}, {"pk": 69, "model": "notebooks.timeline", "fields": {"date": "2015-11-19T15:15:57.569Z", "color": "#f2f7ff", "experiment": 10, "name": "5 Electrode", "height": 150}}, {"pk": 70, "model": "notebooks.timeline", "fields": {"date": "2015-11-19T15:15:57.569Z", "color": "#f2f7ff", "experiment": 10, "name": "6 Neuron", "height": 150}}, {"pk": 71, "model": "notebooks.timeline", "fields": {"date": "2015-11-23T10:06:50.553Z", "color": "#FFEEAA", "experiment": 11, "name": "4 Environment", "height": 150}}, {"pk": 72, "model": "notebooks.timeline", "fields": {"date": "2015-11-23T10:06:50.553Z", "color": "#D5E5FF", "experiment": 11, "name": "1 Anesthetic", "height": 150}}, {"pk": 73, "model": "notebooks.timeline", "fields": {"date": "2015-11-23T10:06:50.553Z", "color": "#f2f7ff", "experiment": 11, "name": "7 Protocol", "height": 150}}, {"pk": 74, "model": "notebooks.timeline", "fields": {"date": "2015-11-23T10:06:50.553Z", "color": "#f2f7ff", "experiment": 11, "name": "5 Electrode", "height": 150}}, {"pk": 75, "model": "notebooks.timeline", "fields": {"date": "2015-11-23T10:06:50.553Z", "color": "#f2f7ff", "experiment": 11, "name": "6 Neuron", "height": 150}}, {"pk": 76, "model": "notebooks.timeline", "fields": {"date": "2015-11-23T10:06:50.553Z", "color": "#FFAACC", "experiment": 11, "name": "2 Paralytic", "height": 150}}, {"pk": 77, "model": "notebooks.timeline", "fields": {"date": "2015-11-23T10:06:50.553Z", "color": "#AAFFCC", "experiment": 11, "name": "3 Physiologic", "height": 150}}, {"pk": 78, "model": "notebooks.timeline", "fields": {"date": "2015-11-23T12:23:52.643Z", "color": "#f2f7ff", "experiment": 12, "name": "5 Electrode", "height": 150}}, {"pk": 79, "model": "notebooks.timeline", "fields": {"date": "2015-11-23T12:23:52.643Z", "color": "#f2f7ff", "experiment": 12, "name": "6 Neuron", "height": 150}}, {"pk": 80, "model": "notebooks.timeline", "fields": {"date": "2015-11-23T12:23:52.643Z", "color": "#AAFFCC", "experiment": 12, "name": "3 Physiologic", "height": 150}}, {"pk": 81, "model": "notebooks.timeline", "fields": {"date": "2015-11-23T12:23:52.643Z", "color": "#FFAACC", "experiment": 12, "name": "2 Paralytic", "height": 150}}, {"pk": 82, "model": "notebooks.timeline", "fields": {"date": "2015-11-23T12:23:52.643Z", "color": "#D5E5FF", "experiment": 12, "name": "1 Anesthetic", "height": 150}}, {"pk": 83, "model": "notebooks.timeline", "fields": {"date": "2015-11-23T12:23:52.643Z", "color": "#FFEEAA", "experiment": 12, "name": "4 Environment", "height": 150}}, {"pk": 84, "model": "notebooks.timeline", "fields": {"date": "2015-11-23T12:23:52.643Z", "color": "#f2f7ff", "experiment": 12, "name": "7 Protocol", "height": 150}}, {"pk": 85, "model": "notebooks.timeline", "fields": {"date": "2015-12-02T18:06:43.420Z", "color": "#D5E5FF", "experiment": 13, "name": "1 Anesthetic", "height": 150}}, {"pk": 86, "model": "notebooks.timeline", "fields": {"date": "2015-12-02T18:06:43.420Z", "color": "#FFAACC", "experiment": 13, "name": "2 Paralytic", "height": 150}}, {"pk": 87, "model": "notebooks.timeline", "fields": {"date": "2015-12-02T18:06:43.420Z", "color": "#f2f7ff", "experiment": 13, "name": "5 Electrode", "height": 150}}, {"pk": 88, "model": "notebooks.timeline", "fields": {"date": "2015-12-02T18:06:43.420Z", "color": "#FFEEAA", "experiment": 13, "name": "4 Environment", "height": 150}}, {"pk": 89, "model": "notebooks.timeline", "fields": {"date": "2015-12-02T18:06:43.420Z", "color": "#AAFFCC", "experiment": 13, "name": "3 Physiologic", "height": 150}}, {"pk": 90, "model": "notebooks.timeline", "fields": {"date": "2015-12-02T18:06:43.420Z", "color": "#f2f7ff", "experiment": 13, "name": "6 Neuron", "height": 150}}, {"pk": 91, "model": "notebooks.timeline", "fields": {"date": "2015-12-02T18:06:43.420Z", "color": "#f2f7ff", "experiment": 13, "name": "7 Protocol", "height": 150}}, {"pk": 92, "model": "notebooks.timeline", "fields": {"date": "2015-12-14T16:01:10.310Z", "color": "#f2f7ff", "experiment": 14, "name": "6 Neuron", "height": 150}}, {"pk": 93, "model": "notebooks.timeline", "fields": {"date": "2015-12-14T16:01:10.310Z", "color": "#D5E5FF", "experiment": 14, "name": "1 Anesthetic", "height": 150}}, {"pk": 94, "model": "notebooks.timeline", "fields": {"date": "2015-12-14T16:01:10.310Z", "color": "#FFAACC", "experiment": 14, "name": "2 Paralytic", "height": 150}}, {"pk": 95, "model": "notebooks.timeline", "fields": {"date": "2015-12-14T16:01:10.310Z", "color": "#FFEEAA", "experiment": 14, "name": "4 Environment", "height": 150}}, {"pk": 96, "model": "notebooks.timeline", "fields": {"date": "2015-12-14T16:01:10.310Z", "color": "#f2f7ff", "experiment": 14, "name": "5 Electrode", "height": 150}}, {"pk": 97, "model": "notebooks.timeline", "fields": {"date": "2015-12-14T16:01:10.310Z", "color": "#AAFFCC", "experiment": 14, "name": "3 Physiologic", "height": 150}}, {"pk": 98, "model": "notebooks.timeline", "fields": {"date": "2015-12-14T16:01:10.310Z", "color": "#f2f7ff", "experiment": 14, "name": "7 Protocol", "height": 150}}, {"pk": 99, "model": "notebooks.timeline", "fields": {"date": "2015-12-14T17:03:38.337Z", "color": "#f2f7ff", "experiment": 15, "name": "6 Neuron", "height": 150}}, {"pk": 100, "model": "notebooks.timeline", "fields": {"date": "2015-12-14T17:03:38.337Z", "color": "#FFEEAA", "experiment": 15, "name": "4 Environment", "height": 150}}, {"pk": 101, "model": "notebooks.timeline", "fields": {"date": "2015-12-14T17:03:38.337Z", "color": "#D5E5FF", "experiment": 15, "name": "1 Anesthetic", "height": 150}}, {"pk": 102, "model": "notebooks.timeline", "fields": {"date": "2015-12-14T17:03:38.337Z", "color": "#f2f7ff", "experiment": 15, "name": "5 Electrode", "height": 150}}, {"pk": 103, "model": "notebooks.timeline", "fields": {"date": "2015-12-14T17:03:38.337Z", "color": "#FFAACC", "experiment": 15, "name": "2 Paralytic", "height": 150}}, {"pk": 104, "model": "notebooks.timeline", "fields": {"date": "2015-12-14T17:03:38.337Z", "color": "#f2f7ff", "experiment": 15, "name": "7 Protocol", "height": 150}}, {"pk": 105, "model": "notebooks.timeline", "fields": {"date": "2015-12-14T17:03:38.337Z", "color": "#AAFFCC", "experiment": 15, "name": "3 Physiologic", "height": 150}}, {"pk": 106, "model": "notebooks.timeline", "fields": {"date": "2015-12-14T17:06:27.733Z", "color": "#f2f7ff", "experiment": 16, "name": "5 Electrode", "height": 150}}, {"pk": 107, "model": "notebooks.timeline", "fields": {"date": "2015-12-14T17:06:27.733Z", "color": "#AAFFCC", "experiment": 16, "name": "3 Physiologic", "height": 150}}, {"pk": 108, "model": "notebooks.timeline", "fields": {"date": "2015-12-14T17:06:27.733Z", "color": "#FFEEAA", "experiment": 16, "name": "4 Environment", "height": 150}}, {"pk": 109, "model": "notebooks.timeline", "fields": {"date": "2015-12-14T17:06:27.733Z", "color": "#D5E5FF", "experiment": 16, "name": "1 Anesthetic", "height": 150}}, {"pk": 110, "model": "notebooks.timeline", "fields": {"date": "2015-12-14T17:06:27.733Z", "color": "#f2f7ff", "experiment": 16, "name": "6 Neuron", "height": 150}}, {"pk": 111, "model": "notebooks.timeline", "fields": {"date": "2015-12-14T17:06:27.733Z", "color": "#f2f7ff", "experiment": 16, "name": "7 Protocol", "height": 150}}, {"pk": 112, "model": "notebooks.timeline", "fields": {"date": "2015-12-14T17:06:27.733Z", "color": "#FFAACC", "experiment": 16, "name": "2 Paralytic", "height": 150}}, {"pk": 113, "model": "notebooks.timeline", "fields": {"date": "2015-12-14T17:32:07.165Z", "color": "#D5E5FF", "experiment": 18, "name": "1 Anesthetic", "height": 150}}, {"pk": 114, "model": "notebooks.timeline", "fields": {"date": "2015-12-14T17:32:07.165Z", "color": "#FFAACC", "experiment": 18, "name": "2 Paralytic", "height": 150}}, {"pk": 115, "model": "notebooks.timeline", "fields": {"date": "2015-12-14T17:32:07.165Z", "color": "#FFEEAA", "experiment": 18, "name": "4 Environment", "height": 150}}, {"pk": 116, "model": "notebooks.timeline", "fields": {"date": "2015-12-14T17:32:07.165Z", "color": "#AAFFCC", "experiment": 18, "name": "3 Physiologic", "height": 150}}, {"pk": 117, "model": "notebooks.timeline", "fields": {"date": "2015-12-14T17:32:07.165Z", "color": "#f2f7ff", "experiment": 18, "name": "6 Neuron", "height": 150}}, {"pk": 118, "model": "notebooks.timeline", "fields": {"date": "2015-12-14T17:32:07.165Z", "color": "#f2f7ff", "experiment": 18, "name": "7 Protocol", "height": 150}}, {"pk": 119, "model": "notebooks.timeline", "fields": {"date": "2015-12-14T17:32:07.165Z", "color": "#f2f7ff", "experiment": 18, "name": "5 Electrode", "height": 150}}, {"pk": 120, "model": "notebooks.timeline", "fields": {"date": "2015-12-14T17:32:21.717Z", "color": "#D5E5FF", "experiment": 19, "name": "1 Anesthetic", "height": 150}}, {"pk": 121, "model": "notebooks.timeline", "fields": {"date": "2015-12-14T17:32:21.717Z", "color": "#FFEEAA", "experiment": 19, "name": "4 Environment", "height": 150}}, {"pk": 122, "model": "notebooks.timeline", "fields": {"date": "2015-12-14T17:32:21.717Z", "color": "#AAFFCC", "experiment": 19, "name": "3 Physiologic", "height": 150}}, {"pk": 123, "model": "notebooks.timeline", "fields": {"date": "2015-12-14T17:32:21.717Z", "color": "#FFAACC", "experiment": 19, "name": "2 Paralytic", "height": 150}}, {"pk": 124, "model": "notebooks.timeline", "fields": {"date": "2015-12-14T17:32:21.717Z", "color": "#f2f7ff", "experiment": 19, "name": "6 Neuron", "height": 150}}, {"pk": 125, "model": "notebooks.timeline", "fields": {"date": "2015-12-14T17:32:21.717Z", "color": "#f2f7ff", "experiment": 19, "name": "5 Electrode", "height": 150}}, {"pk": 126, "model": "notebooks.timeline", "fields": {"date": "2015-12-14T17:32:21.717Z", "color": "#f2f7ff", "experiment": 19, "name": "7 Protocol", "height": 150}}, {"pk": 127, "model": "notebooks.timeline", "fields": {"date": "2015-12-15T13:13:26.732Z", "color": "#AAFFCC", "experiment": 20, "name": "3 Physiologic", "height": 150}}, {"pk": 128, "model": "notebooks.timeline", "fields": {"date": "2015-12-15T13:13:26.732Z", "color": "#f2f7ff", "experiment": 20, "name": "7 Protocol", "height": 150}}, {"pk": 129, "model": "notebooks.timeline", "fields": {"date": "2015-12-15T13:13:26.732Z", "color": "#FFAACC", "experiment": 20, "name": "2 Paralytic", "height": 150}}, {"pk": 130, "model": "notebooks.timeline", "fields": {"date": "2015-12-15T13:13:26.732Z", "color": "#FFEEAA", "experiment": 20, "name": "4 Environment", "height": 150}}, {"pk": 131, "model": "notebooks.timeline", "fields": {"date": "2015-12-15T13:13:26.732Z", "color": "#f2f7ff", "experiment": 20, "name": "6 Neuron", "height": 150}}, {"pk": 132, "model": "notebooks.timeline", "fields": {"date": "2015-12-15T13:13:26.732Z", "color": "#D5E5FF", "experiment": 20, "name": "1 Anesthetic", "height": 150}}, {"pk": 133, "model": "notebooks.timeline", "fields": {"date": "2015-12-15T13:13:26.732Z", "color": "#f2f7ff", "experiment": 20, "name": "5 Electrode", "height": 150}}, {"pk": 134, "model": "notebooks.timeline", "fields": {"date": "2015-12-15T13:13:47.866Z", "color": "#FFAACC", "experiment": 21, "name": "2 Paralytic", "height": 150}}, {"pk": 135, "model": "notebooks.timeline", "fields": {"date": "2015-12-15T13:13:47.866Z", "color": "#D5E5FF", "experiment": 21, "name": "1 Anesthetic", "height": 150}}, {"pk": 136, "model": "notebooks.timeline", "fields": {"date": "2015-12-15T13:13:47.866Z", "color": "#AAFFCC", "experiment": 21, "name": "3 Physiologic", "height": 150}}, {"pk": 137, "model": "notebooks.timeline", "fields": {"date": "2015-12-15T13:13:47.866Z", "color": "#f2f7ff", "experiment": 21, "name": "5 Electrode", "height": 150}}, {"pk": 138, "model": "notebooks.timeline", "fields": {"date": "2015-12-15T13:13:47.866Z", "color": "#f2f7ff", "experiment": 21, "name": "6 Neuron", "height": 150}}, {"pk": 139, "model": "notebooks.timeline", "fields": {"date": "2015-12-15T13:13:47.866Z", "color": "#FFEEAA", "experiment": 21, "name": "4 Environment", "height": 150}}, {"pk": 140, "model": "notebooks.timeline", "fields": {"date": "2015-12-15T13:13:47.866Z", "color": "#f2f7ff", "experiment": 21, "name": "7 Protocol", "height": 150}}, {"pk": 141, "model": "notebooks.timeline", "fields": {"date": "2015-12-15T14:26:40.826Z", "color": "#FFEEAA", "experiment": 22, "name": "4 Environment", "height": 150}}, {"pk": 142, "model": "notebooks.timeline", "fields": {"date": "2015-12-15T14:26:40.826Z", "color": "#D5E5FF", "experiment": 22, "name": "1 Anesthetic", "height": 150}}, {"pk": 143, "model": "notebooks.timeline", "fields": {"date": "2015-12-15T14:26:40.826Z", "color": "#f2f7ff", "experiment": 22, "name": "7 Protocol", "height": 150}}, {"pk": 144, "model": "notebooks.timeline", "fields": {"date": "2015-12-15T14:26:40.826Z", "color": "#AAFFCC", "experiment": 22, "name": "3 Physiologic", "height": 150}}, {"pk": 145, "model": "notebooks.timeline", "fields": {"date": "2015-12-15T14:26:40.826Z", "color": "#f2f7ff", "experiment": 22, "name": "5 Electrode", "height": 150}}, {"pk": 146, "model": "notebooks.timeline", "fields": {"date": "2015-12-15T14:26:40.826Z", "color": "#FFAACC", "experiment": 22, "name": "2 Paralytic", "height": 150}}, {"pk": 147, "model": "notebooks.timeline", "fields": {"date": "2015-12-15T14:26:40.826Z", "color": "#f2f7ff", "experiment": 22, "name": "6 Neuron", "height": 150}}, {"pk": 148, "model": "notebooks.timeline", "fields": {"date": "2015-12-16T09:22:11.680Z", "color": "#f2f7ff", "experiment": 23, "name": "6 Neuron", "height": 150}}, {"pk": 149, "model": "notebooks.timeline", "fields": {"date": "2015-12-16T09:22:11.680Z", "color": "#D5E5FF", "experiment": 23, "name": "1 Anesthetic", "height": 150}}, {"pk": 150, "model": "notebooks.timeline", "fields": {"date": "2015-12-16T09:22:11.680Z", "color": "#AAFFCC", "experiment": 23, "name": "3 Physiologic", "height": 150}}, {"pk": 151, "model": "notebooks.timeline", "fields": {"date": "2015-12-16T09:22:11.680Z", "color": "#FFAACC", "experiment": 23, "name": "2 Paralytic", "height": 150}}, {"pk": 152, "model": "notebooks.timeline", "fields": {"date": "2015-12-16T09:22:11.680Z", "color": "#FFEEAA", "experiment": 23, "name": "4 Environment", "height": 150}}, {"pk": 153, "model": "notebooks.timeline", "fields": {"date": "2015-12-16T09:22:11.680Z", "color": "#f2f7ff", "experiment": 23, "name": "5 Electrode", "height": 150}}, {"pk": 154, "model": "notebooks.timeline", "fields": {"date": "2015-12-16T09:22:11.680Z", "color": "#f2f7ff", "experiment": 23, "name": "7 Protocol", "height": 150}}, {"pk": 155, "model": "notebooks.timeline", "fields": {"date": "2016-01-07T12:38:24.874Z", "color": "#D5E5FF", "experiment": 24, "name": "1 Anesthetic", "height": 150}}, {"pk": 156, "model": "notebooks.timeline", "fields": {"date": "2016-01-07T12:38:24.874Z", "color": "#f2f7ff", "experiment": 24, "name": "5 Electrode", "height": 150}}, {"pk": 157, "model": "notebooks.timeline", "fields": {"date": "2016-01-07T12:38:24.874Z", "color": "#AAFFCC", "experiment": 24, "name": "3 Physiologic", "height": 150}}, {"pk": 158, "model": "notebooks.timeline", "fields": {"date": "2016-01-07T12:38:24.874Z", "color": "#f2f7ff", "experiment": 24, "name": "6 Neuron", "height": 150}}, {"pk": 159, "model": "notebooks.timeline", "fields": {"date": "2016-01-07T12:38:24.874Z", "color": "#f2f7ff", "experiment": 24, "name": "7 Protocol", "height": 150}}, {"pk": 160, "model": "notebooks.timeline", "fields": {"date": "2016-01-07T12:38:24.874Z", "color": "#FFEEAA", "experiment": 24, "name": "4 Environment", "height": 150}}, {"pk": 161, "model": "notebooks.timeline", "fields": {"date": "2016-01-07T12:38:24.874Z", "color": "#FFAACC", "experiment": 24, "name": "2 Paralytic", "height": 150}}, {"pk": 1, "model": "notebooks.event", "fields": {"date": "2015-11-05T18:11:00Z", "timeline": 5, "type": "Rocuronium", "color": "#FFFFFF", "text": "1ml23"}}, {"pk": 3, "model": "notebooks.event", "fields": {"date": "2015-11-05T14:11:00Z", "timeline": 6, "type": "Generic", "color": "#FFFFFF", "text": "tt3"}}, {"pk": 4, "model": "notebooks.event", "fields": {"date": "2015-11-05T16:11:00Z", "timeline": 5, "type": "Rocuronium", "color": "#FFFFFF", "text": "3ml"}}, {"pk": 5, "model": "notebooks.event", "fields": {"date": "2015-11-05T17:11:00Z", "timeline": 5, "type": "Rocuronium", "color": "#FFFFFF", "text": "hg"}}, {"pk": 6, "model": "notebooks.event", "fields": {"date": "2015-11-17T14:31:46.794Z", "timeline": 9, "type": "Rocuronium", "color": "#FFFFFF", "text": "gffgd"}}, {"pk": 7, "model": "notebooks.event", "fields": {"date": "2015-11-17T16:17:27.996Z", "timeline": 15, "type": "Alphaxan", "color": "#FFFFFF", "text": "fds"}}, {"pk": 9, "model": "notebooks.event", "fields": {"date": "2015-11-17T16:47:19.085Z", "timeline": 50, "type": "Rocuronium", "color": "#FFFFFF", "text": "gf633"}}, {"pk": 11, "model": "notebooks.event", "fields": {"date": "2015-11-17T17:09:00.045Z", "timeline": 61, "type": "Generic", "color": "#FFFFFF", "text": "556gf"}}, {"pk": 12, "model": "notebooks.event", "fields": {"date": "2015-11-23T13:25:00Z", "timeline": 81, "type": "Rocuronium", "color": "#FFFFFF", "text": "bvcbv"}}, {"pk": 13, "model": "notebooks.event", "fields": {"date": "2015-11-23T14:46:00Z", "timeline": 83, "type": "Generic", "color": "#FFFFFF", "text": "fds"}}, {"pk": 14, "model": "notebooks.event", "fields": {"date": "2015-11-23T16:40:00Z", "timeline": 78, "type": "Generic", "color": "#FFFFFF", "text": "fqsd"}}, {"pk": 15, "model": "notebooks.event", "fields": {"date": "2015-12-03T16:47:00Z", "timeline": 88, "type": "Generic", "color": "#FFFFFF", "text": "evt 1"}}, {"pk": 16, "model": "notebooks.event", "fields": {"date": "2015-12-03T16:48:00Z", "timeline": 90, "type": "Generic", "color": "#FFFFFF", "text": "epch 1"}}, {"pk": 17, "model": "notebooks.event", "fields": {"date": "2015-12-03T16:54:00Z", "timeline": 1, "type": "Generic", "color": "#FFFFFF", "text": "mmm"}}, {"pk": 18, "model": "notebooks.event", "fields": {"date": "2015-12-07T17:15:00Z", "timeline": 89, "type": "LRS+G5%", "color": "#FFFFFF", "text": "fdsd"}}, {"pk": 19, "model": "notebooks.event", "fields": {"date": "2015-12-07T17:50:00Z", "timeline": 85, "type": "Alphaxan", "color": "#FFFFFF", "text": "222"}}, {"pk": 20, "model": "notebooks.event", "fields": {"date": "2015-12-14T17:43:00Z", "timeline": 93, "type": "Alphaxan", "color": "#FFFFFF", "text": "dssdf"}}, {"pk": 21, "model": "notebooks.event", "fields": {"date": "2015-12-14T18:15:00Z", "timeline": 103, "type": "Rocuronium", "color": "#FFFFFF", "text": "5g5gdgd"}}, {"pk": 22, "model": "notebooks.event", "fields": {"date": "2015-12-15T17:43:00Z", "timeline": 105, "type": "LRS", "color": "#FFFFFF", "text": "gsdgf"}}, {"pk": 23, "model": "notebooks.event", "fields": {"date": "2015-12-16T09:34:00Z", "timeline": 99, "type": "Generic", "color": "#FFFFFF", "text": "gfhjk"}}, {"pk": 24, "model": "notebooks.event", "fields": {"date": "2015-12-16T14:39:00Z", "timeline": 150, "type": "LRS+G5%", "color": "#FFFFFF", "text": "dfs656 5fds"}}, {"pk": 25, "model": "notebooks.event", "fields": {"date": "2015-12-16T16:47:00Z", "timeline": 135, "type": "Alphaxan", "color": "#FFFFFF", "text": "fdsfds"}}, {"pk": 26, "model": "notebooks.event", "fields": {"date": "2015-12-16T17:43:00Z", "timeline": 101, "type": "Alphaxan", "color": "#FFFFFF", "text": "gfdfd"}}, {"pk": 27, "model": "notebooks.event", "fields": {"date": "2016-01-07T12:41:00Z", "timeline": 155, "type": "Alphaxan", "color": "#FFFFFF", "text": "fd56d5s"}}, {"pk": 1, "model": "notebooks.epoch", "fields": {"end": null, "color": "#FFF600", "timeline": 2, "start": "2015-11-05T10:16:14.614Z", "text": "2ml3", "depend": null, "type": "LRS+G5%"}}, {"pk": 2, "model": "notebooks.epoch", "fields": {"end": null, "color": "#FFF600", "timeline": 5, "start": "2015-11-05T13:19:03.185Z", "text": "9ml6", "depend": null, "type": "Pancuronium"}}, {"pk": 3, "model": "notebooks.epoch", "fields": {"end": null, "color": "#FFF600", "timeline": 4, "start": "2015-11-05T14:04:20.475Z", "text": "ff33", "depend": null, "type": "Generic"}}, {"pk": 7, "model": "notebooks.epoch", "fields": {"end": "2015-12-03T16:49:11.305Z", "color": "#FFF600", "timeline": 6, "start": "2015-11-05T16:28:41.284Z", "text": "2nd elect", "depend": null, "type": "Generic"}}, {"pk": 8, "model": "notebooks.epoch", "fields": {"end": null, "color": "#FFF600", "timeline": 1, "start": "2015-11-05T16:30:54.852Z", "text": "test", "depend": 7, "type": "Generic"}}, {"pk": 9, "model": "notebooks.epoch", "fields": {"end": null, "color": "#FFF600", "timeline": 2, "start": "2015-11-05T16:39:58.189Z", "text": "zze3", "depend": null, "type": "LRS+G5%"}}, {"pk": 10, "model": "notebooks.epoch", "fields": {"end": "2015-12-03T16:52:47.529Z", "color": "#FFF600", "timeline": 7, "start": "2015-11-05T16:43:35.492Z", "text": "fff", "depend": 8, "type": "Generic"}}, {"pk": 11, "model": "notebooks.epoch", "fields": {"end": "2015-11-23T17:25:14.016Z", "color": "#FFF600", "timeline": 59, "start": "2015-11-19T13:58:30.566Z", "text": "fdsfd", "depend": null, "type": "Generic"}}, {"pk": 12, "model": "notebooks.epoch", "fields": {"end": "2015-11-23T17:24:56.251Z", "color": "#FFF600", "timeline": 74, "start": "2015-11-23T10:07:05.729Z", "text": "fdsfds", "depend": null, "type": "Generic"}}, {"pk": 13, "model": "notebooks.epoch", "fields": {"end": "2015-11-23T17:24:28.256Z", "color": "#FFF600", "timeline": 80, "start": "2015-11-23T13:40:29.230Z", "text": "rrrrrr", "depend": null, "type": "LRS+G5%"}}, {"pk": 14, "model": "notebooks.epoch", "fields": {"end": "2015-11-24T08:46:06.960Z", "color": "#FFF600", "timeline": 68, "start": "2015-11-24T08:25:14.097Z", "text": "fds", "depend": null, "type": "LRS+G5%"}}, {"pk": 15, "model": "notebooks.epoch", "fields": {"end": "2015-12-10T16:51:59.973Z", "color": "#FFF600", "timeline": 87, "start": "2015-12-07T18:22:56.802Z", "text": "fdsfd", "depend": null, "type": "Generic"}}, {"pk": 16, "model": "notebooks.epoch", "fields": {"end": "2015-12-15T15:43:43.279Z", "color": "#FFF600", "timeline": 97, "start": "2015-12-14T17:33:28.613Z", "text": "gsdgf", "depend": null, "type": "LRS+G5%"}}, {"pk": 17, "model": "notebooks.epoch", "fields": {"end": "2015-12-16T09:43:54.353Z", "color": "#FFF600", "timeline": 95, "start": "2015-12-14T17:34:42.326Z", "text": "fd54fds5hfhf22222", "depend": null, "type": "Generic"}}, {"pk": 18, "model": "notebooks.epoch", "fields": {"end": "2015-12-15T15:43:23.048Z", "color": "#FFF600", "timeline": 94, "start": "2015-12-14T17:37:32.957Z", "text": "56fs d65fsd", "depend": null, "type": "Rocuronium"}}, {"pk": 19, "model": "notebooks.epoch", "fields": {"end": "2015-12-16T09:43:10.139Z", "color": "#FFF600", "timeline": 96, "start": "2015-12-14T17:42:23.422Z", "text": "trze", "depend": null, "type": "Generic"}}, {"pk": 20, "model": "notebooks.epoch", "fields": {"end": "2015-12-15T15:40:36.304Z", "color": "#FFF600", "timeline": 93, "start": "2015-12-14T17:43:48.902Z", "text": "56dsf5", "depend": null, "type": "Isoflurane"}}, {"pk": 21, "model": "notebooks.epoch", "fields": {"end": "2015-12-15T16:20:43.424Z", "color": "#FFF600", "timeline": 103, "start": "2015-12-14T18:04:28.822Z", "text": "fds5dfs", "depend": null, "type": "Rocuronium"}}, {"pk": 22, "model": "notebooks.epoch", "fields": {"end": "2015-12-16T09:54:17.841Z", "color": "#FFF600", "timeline": 101, "start": "2015-12-14T18:15:15.926Z", "text": "54ffd", "depend": null, "type": "Isoflurane"}}, {"pk": 23, "model": "notebooks.epoch", "fields": {"end": "2015-12-15T16:34:28.104Z", "color": "#FFF600", "timeline": 105, "start": "2015-12-14T18:16:41.008Z", "text": "f95d fdgd fds9fsd", "depend": null, "type": "LRS+G5%"}}, {"pk": 24, "model": "notebooks.epoch", "fields": {"end": "2015-12-15T16:22:52.600Z", "color": "#FFF600", "timeline": 100, "start": "2015-12-15T13:11:25.781Z", "text": "5terete", "depend": null, "type": "Generic"}}, {"pk": 25, "model": "notebooks.epoch", "fields": {"end": "2015-12-15T16:36:17.376Z", "color": "#FFF600", "timeline": 102, "start": "2015-12-15T13:11:39.276Z", "text": "gd5df", "depend": null, "type": "Generic"}}, {"pk": 26, "model": "notebooks.epoch", "fields": {"end": "2015-12-15T16:17:46.864Z", "color": "#FFF600", "timeline": 92, "start": "2015-12-15T15:40:54.970Z", "text": "f54ds45sdf", "depend": 19, "type": "Generic"}}, {"pk": 27, "model": "notebooks.epoch", "fields": {"end": "2015-12-16T15:49:32.474Z", "color": "#FFF600", "timeline": 102, "start": "2015-12-15T16:21:06.575Z", "text": "54fds5fds", "depend": null, "type": "Generic"}}, {"pk": 28, "model": "notebooks.epoch", "fields": {"end": null, "color": "#FFF600", "timeline": 99, "start": "2015-12-16T09:25:01.579Z", "text": "6f6f6f6f6", "depend": 27, "type": "Generic"}}, {"pk": 29, "model": "notebooks.epoch", "fields": {"end": "2016-01-07T12:50:47.507Z", "color": "#FFF600", "timeline": 161, "start": "2016-01-07T12:41:49.530Z", "text": "9fd9", "depend": null, "type": "Cisatracurium"}}, {"pk": 1, "model": "auth.permission", "fields": {"codename": "add_permission", "name": "Can add permission", "content_type": 1}}, {"pk": 2, "model": "auth.permission", "fields": {"codename": "change_permission", "name": "Can change permission", "content_type": 1}}, {"pk": 3, "model": "auth.permission", "fields": {"codename": "delete_permission", "name": "Can delete permission", "content_type": 1}}, {"pk": 4, "model": "auth.permission", "fields": {"codename": "add_group", "name": "Can add group", "content_type": 2}}, {"pk": 5, "model": "auth.permission", "fields": {"codename": "change_group", "name": "Can change group", "content_type": 2}}, {"pk": 6, "model": "auth.permission", "fields": {"codename": "delete_group", "name": "Can delete group", "content_type": 2}}, {"pk": 7, "model": "auth.permission", "fields": {"codename": "add_user", "name": "Can add user", "content_type": 3}}, {"pk": 8, "model": "auth.permission", "fields": {"codename": "change_user", "name": "Can change user", "content_type": 3}}, {"pk": 9, "model": "auth.permission", "fields": {"codename": "delete_user", "name": "Can delete user", "content_type": 3}}, {"pk": 10, "model": "auth.permission", "fields": {"codename": "add_contenttype", "name": "Can add content type", "content_type": 4}}, {"pk": 11, "model": "auth.permission", "fields": {"codename": "change_contenttype", "name": "Can change content type", "content_type": 4}}, {"pk": 12, "model": "auth.permission", "fields": {"codename": "delete_contenttype", "name": "Can delete content type", "content_type": 4}}, {"pk": 13, "model": "auth.permission", "fields": {"codename": "add_session", "name": "Can add session", "content_type": 5}}, {"pk": 14, "model": "auth.permission", "fields": {"codename": "change_session", "name": "Can change session", "content_type": 5}}, {"pk": 15, "model": "auth.permission", "fields": {"codename": "delete_session", "name": "Can delete session", "content_type": 5}}, {"pk": 16, "model": "auth.permission", "fields": {"codename": "add_site", "name": "Can add site", "content_type": 6}}, {"pk": 17, "model": "auth.permission", "fields": {"codename": "change_site", "name": "Can change site", "content_type": 6}}, {"pk": 18, "model": "auth.permission", "fields": {"codename": "delete_site", "name": "Can delete site", "content_type": 6}}, {"pk": 19, "model": "auth.permission", "fields": {"codename": "add_logentry", "name": "Can add log entry", "content_type": 7}}, {"pk": 20, "model": "auth.permission", "fields": {"codename": "change_logentry", "name": "Can change log entry", "content_type": 7}}, {"pk": 21, "model": "auth.permission", "fields": {"codename": "delete_logentry", "name": "Can delete log entry", "content_type": 7}}, {"pk": 22, "model": "auth.permission", "fields": {"codename": "add_objectindex", "name": "Can add object index", "content_type": 8}}, {"pk": 23, "model": "auth.permission", "fields": {"codename": "change_objectindex", "name": "Can change object index", "content_type": 8}}, {"pk": 24, "model": "auth.permission", "fields": {"codename": "delete_objectindex", "name": "Can delete object index", "content_type": 8}}, {"pk": 25, "model": "auth.permission", "fields": {"codename": "add_integerobjectindex", "name": "Can add integer object index", "content_type": 9}}, {"pk": 26, "model": "auth.permission", "fields": {"codename": "change_integerobjectindex", "name": "Can change integer object index", "content_type": 9}}, {"pk": 27, "model": "auth.permission", "fields": {"codename": "delete_integerobjectindex", "name": "Can delete integer object index", "content_type": 9}}, {"pk": 28, "model": "auth.permission", "fields": {"codename": "add_charobjectindex", "name": "Can add char object index", "content_type": 10}}, {"pk": 29, "model": "auth.permission", "fields": {"codename": "change_charobjectindex", "name": "Can change char object index", "content_type": 10}}, {"pk": 30, "model": "auth.permission", "fields": {"codename": "delete_charobjectindex", "name": "Can delete char object index", "content_type": 10}}, {"pk": 31, "model": "auth.permission", "fields": {"codename": "add_organization", "name": "Can add organization", "content_type": 11}}, {"pk": 32, "model": "auth.permission", "fields": {"codename": "change_organization", "name": "Can change organization", "content_type": 11}}, {"pk": 33, "model": "auth.permission", "fields": {"codename": "delete_organization", "name": "Can delete organization", "content_type": 11}}, {"pk": 34, "model": "auth.permission", "fields": {"codename": "add_researcher", "name": "Can add researcher", "content_type": 12}}, {"pk": 35, "model": "auth.permission", "fields": {"codename": "change_researcher", "name": "Can change researcher", "content_type": 12}}, {"pk": 36, "model": "auth.permission", "fields": {"codename": "delete_researcher", "name": "Can delete researcher", "content_type": 12}}, {"pk": 37, "model": "auth.permission", "fields": {"codename": "view_researcher", "name": "Can view researcher", "content_type": 12}}, {"pk": 38, "model": "auth.permission", "fields": {"codename": "add_position", "name": "Can add position", "content_type": 13}}, {"pk": 39, "model": "auth.permission", "fields": {"codename": "change_position", "name": "Can change position", "content_type": 13}}, {"pk": 40, "model": "auth.permission", "fields": {"codename": "delete_position", "name": "Can delete position", "content_type": 13}}, {"pk": 41, "model": "auth.permission", "fields": {"codename": "add_supplier", "name": "Can add supplier", "content_type": 14}}, {"pk": 42, "model": "auth.permission", "fields": {"codename": "change_supplier", "name": "Can change supplier", "content_type": 14}}, {"pk": 43, "model": "auth.permission", "fields": {"codename": "delete_supplier", "name": "Can delete supplier", "content_type": 14}}, {"pk": 44, "model": "auth.permission", "fields": {"codename": "add_species", "name": "Can add species", "content_type": 15}}, {"pk": 45, "model": "auth.permission", "fields": {"codename": "change_species", "name": "Can change species", "content_type": 15}}, {"pk": 46, "model": "auth.permission", "fields": {"codename": "delete_species", "name": "Can delete species", "content_type": 15}}, {"pk": 47, "model": "auth.permission", "fields": {"codename": "add_strain", "name": "Can add strain", "content_type": 16}}, {"pk": 48, "model": "auth.permission", "fields": {"codename": "change_strain", "name": "Can change strain", "content_type": 16}}, {"pk": 49, "model": "auth.permission", "fields": {"codename": "delete_strain", "name": "Can delete strain", "content_type": 16}}, {"pk": 50, "model": "auth.permission", "fields": {"codename": "add_unit", "name": "Can add unit", "content_type": 17}}, {"pk": 51, "model": "auth.permission", "fields": {"codename": "change_unit", "name": "Can change unit", "content_type": 17}}, {"pk": 52, "model": "auth.permission", "fields": {"codename": "delete_unit", "name": "Can delete unit", "content_type": 17}}, {"pk": 53, "model": "auth.permission", "fields": {"codename": "add_communicationprotocol", "name": "Can add communication protocol", "content_type": 18}}, {"pk": 54, "model": "auth.permission", "fields": {"codename": "change_communicationprotocol", "name": "Can change communication protocol", "content_type": 18}}, {"pk": 55, "model": "auth.permission", "fields": {"codename": "delete_communicationprotocol", "name": "Can delete communication protocol", "content_type": 18}}, {"pk": 56, "model": "auth.permission", "fields": {"codename": "add_mimetype", "name": "Can add mime type", "content_type": 19}}, {"pk": 57, "model": "auth.permission", "fields": {"codename": "change_mimetype", "name": "Can change mime type", "content_type": 19}}, {"pk": 58, "model": "auth.permission", "fields": {"codename": "delete_mimetype", "name": "Can delete mime type", "content_type": 19}}, {"pk": 59, "model": "auth.permission", "fields": {"codename": "add_fileserver", "name": "Can add file server", "content_type": 20}}, {"pk": 60, "model": "auth.permission", "fields": {"codename": "change_fileserver", "name": "Can change file server", "content_type": 20}}, {"pk": 61, "model": "auth.permission", "fields": {"codename": "delete_fileserver", "name": "Can delete file server", "content_type": 20}}, {"pk": 62, "model": "auth.permission", "fields": {"codename": "add_filelocation", "name": "Can add file location", "content_type": 21}}, {"pk": 63, "model": "auth.permission", "fields": {"codename": "change_filelocation", "name": "Can change file location", "content_type": 21}}, {"pk": 64, "model": "auth.permission", "fields": {"codename": "delete_filelocation", "name": "Can delete file location", "content_type": 21}}, {"pk": 65, "model": "auth.permission", "fields": {"codename": "add_file", "name": "Can add file", "content_type": 22}}, {"pk": 66, "model": "auth.permission", "fields": {"codename": "change_file", "name": "Can change file", "content_type": 22}}, {"pk": 67, "model": "auth.permission", "fields": {"codename": "delete_file", "name": "Can delete file", "content_type": 22}}, {"pk": 68, "model": "auth.permission", "fields": {"codename": "view_file", "name": "Can view file", "content_type": 22}}, {"pk": 69, "model": "auth.permission", "fields": {"codename": "add_parameter", "name": "Can add parameter", "content_type": 23}}, {"pk": 70, "model": "auth.permission", "fields": {"codename": "change_parameter", "name": "Can change parameter", "content_type": 23}}, {"pk": 71, "model": "auth.permission", "fields": {"codename": "delete_parameter", "name": "Can delete parameter", "content_type": 23}}, {"pk": 72, "model": "auth.permission", "fields": {"codename": "add_measurement", "name": "Can add measurement", "content_type": 24}}, {"pk": 73, "model": "auth.permission", "fields": {"codename": "change_measurement", "name": "Can change measurement", "content_type": 24}}, {"pk": 74, "model": "auth.permission", "fields": {"codename": "delete_measurement", "name": "Can delete measurement", "content_type": 24}}, {"pk": 75, "model": "auth.permission", "fields": {"codename": "add_brainregion", "name": "Can add brain region", "content_type": 25}}, {"pk": 76, "model": "auth.permission", "fields": {"codename": "change_brainregion", "name": "Can change brain region", "content_type": 25}}, {"pk": 77, "model": "auth.permission", "fields": {"codename": "delete_brainregion", "name": "Can delete brain region", "content_type": 25}}, {"pk": 78, "model": "auth.permission", "fields": {"codename": "add_celltype", "name": "Can add cell type", "content_type": 26}}, {"pk": 79, "model": "auth.permission", "fields": {"codename": "change_celltype", "name": "Can change cell type", "content_type": 26}}, {"pk": 80, "model": "auth.permission", "fields": {"codename": "delete_celltype", "name": "Can delete cell type", "content_type": 26}}, {"pk": 81, "model": "auth.permission", "fields": {"codename": "add_cell", "name": "Can add cell", "content_type": 27}}, {"pk": 82, "model": "auth.permission", "fields": {"codename": "change_cell", "name": "Can change cell", "content_type": 27}}, {"pk": 83, "model": "auth.permission", "fields": {"codename": "delete_cell", "name": "Can delete cell", "content_type": 27}}, {"pk": 84, "model": "auth.permission", "fields": {"codename": "add_substance", "name": "Can add substance", "content_type": 28}}, {"pk": 85, "model": "auth.permission", "fields": {"codename": "change_substance", "name": "Can change substance", "content_type": 28}}, {"pk": 86, "model": "auth.permission", "fields": {"codename": "delete_substance", "name": "Can delete substance", "content_type": 28}}, {"pk": 87, "model": "auth.permission", "fields": {"codename": "add_product", "name": "Can add product", "content_type": 29}}, {"pk": 88, "model": "auth.permission", "fields": {"codename": "change_product", "name": "Can change product", "content_type": 29}}, {"pk": 89, "model": "auth.permission", "fields": {"codename": "delete_product", "name": "Can delete product", "content_type": 29}}, {"pk": 90, "model": "auth.permission", "fields": {"codename": "add_solution", "name": "Can add solution", "content_type": 30}}, {"pk": 91, "model": "auth.permission", "fields": {"codename": "change_solution", "name": "Can change solution", "content_type": 30}}, {"pk": 92, "model": "auth.permission", "fields": {"codename": "delete_solution", "name": "Can delete solution", "content_type": 30}}, {"pk": 93, "model": "auth.permission", "fields": {"codename": "add_quantityofsubstance", "name": "Can add quantity of substance", "content_type": 31}}, {"pk": 94, "model": "auth.permission", "fields": {"codename": "change_quantityofsubstance", "name": "Can change quantity of substance", "content_type": 31}}, {"pk": 95, "model": "auth.permission", "fields": {"codename": "delete_quantityofsubstance", "name": "Can delete quantity of substance", "content_type": 31}}, {"pk": 96, "model": "auth.permission", "fields": {"codename": "add_position", "name": "Can add position", "content_type": 32}}, {"pk": 97, "model": "auth.permission", "fields": {"codename": "change_position", "name": "Can change position", "content_type": 32}}, {"pk": 98, "model": "auth.permission", "fields": {"codename": "delete_position", "name": "Can delete position", "content_type": 32}}, {"pk": 99, "model": "auth.permission", "fields": {"codename": "add_type", "name": "Can add type", "content_type": 33}}, {"pk": 100, "model": "auth.permission", "fields": {"codename": "change_type", "name": "Can change type", "content_type": 33}}, {"pk": 101, "model": "auth.permission", "fields": {"codename": "delete_type", "name": "Can delete type", "content_type": 33}}, {"pk": 102, "model": "auth.permission", "fields": {"codename": "add_item", "name": "Can add item", "content_type": 34}}, {"pk": 103, "model": "auth.permission", "fields": {"codename": "change_item", "name": "Can change item", "content_type": 34}}, {"pk": 104, "model": "auth.permission", "fields": {"codename": "delete_item", "name": "Can delete item", "content_type": 34}}, {"pk": 105, "model": "auth.permission", "fields": {"codename": "add_itemproperties", "name": "Can add item properties", "content_type": 35}}, {"pk": 106, "model": "auth.permission", "fields": {"codename": "change_itemproperties", "name": "Can change item properties", "content_type": 35}}, {"pk": 107, "model": "auth.permission", "fields": {"codename": "delete_itemproperties", "name": "Can delete item properties", "content_type": 35}}, {"pk": 108, "model": "auth.permission", "fields": {"codename": "add_recordingpoint", "name": "Can add recording point", "content_type": 36}}, {"pk": 109, "model": "auth.permission", "fields": {"codename": "change_recordingpoint", "name": "Can change recording point", "content_type": 36}}, {"pk": 110, "model": "auth.permission", "fields": {"codename": "delete_recordingpoint", "name": "Can delete recording point", "content_type": 36}}, {"pk": 111, "model": "auth.permission", "fields": {"codename": "add_subsystem", "name": "Can add sub system", "content_type": 37}}, {"pk": 112, "model": "auth.permission", "fields": {"codename": "change_subsystem", "name": "Can change sub system", "content_type": 37}}, {"pk": 113, "model": "auth.permission", "fields": {"codename": "delete_subsystem", "name": "Can delete sub system", "content_type": 37}}, {"pk": 114, "model": "auth.permission", "fields": {"codename": "add_setup", "name": "Can add setup", "content_type": 38}}, {"pk": 115, "model": "auth.permission", "fields": {"codename": "change_setup", "name": "Can change setup", "content_type": 38}}, {"pk": 116, "model": "auth.permission", "fields": {"codename": "delete_setup", "name": "Can delete setup", "content_type": 38}}, {"pk": 117, "model": "auth.permission", "fields": {"codename": "add_type", "name": "Can add type", "content_type": 39}}, {"pk": 118, "model": "auth.permission", "fields": {"codename": "change_type", "name": "Can change type", "content_type": 39}}, {"pk": 119, "model": "auth.permission", "fields": {"codename": "delete_type", "name": "Can delete type", "content_type": 39}}, {"pk": 120, "model": "auth.permission", "fields": {"codename": "add_stimulus", "name": "Can add stimulus", "content_type": 40}}, {"pk": 121, "model": "auth.permission", "fields": {"codename": "change_stimulus", "name": "Can change stimulus", "content_type": 40}}, {"pk": 122, "model": "auth.permission", "fields": {"codename": "delete_stimulus", "name": "Can delete stimulus", "content_type": 40}}, {"pk": 123, "model": "auth.permission", "fields": {"codename": "add_spike", "name": "Can add spike", "content_type": 41}}, {"pk": 124, "model": "auth.permission", "fields": {"codename": "change_spike", "name": "Can change spike", "content_type": 41}}, {"pk": 125, "model": "auth.permission", "fields": {"codename": "delete_spike", "name": "Can delete spike", "content_type": 41}}, {"pk": 126, "model": "auth.permission", "fields": {"codename": "add_multi", "name": "Can add multistim", "content_type": 42}}, {"pk": 127, "model": "auth.permission", "fields": {"codename": "change_multi", "name": "Can change multistim", "content_type": 42}}, {"pk": 128, "model": "auth.permission", "fields": {"codename": "delete_multi", "name": "Can delete multistim", "content_type": 42}}, {"pk": 129, "model": "auth.permission", "fields": {"codename": "add_driftinggrating", "name": "Can add drifting grating", "content_type": 43}}, {"pk": 130, "model": "auth.permission", "fields": {"codename": "change_driftinggrating", "name": "Can change drifting grating", "content_type": 43}}, {"pk": 131, "model": "auth.permission", "fields": {"codename": "delete_driftinggrating", "name": "Can delete drifting grating", "content_type": 43}}, {"pk": 132, "model": "auth.permission", "fields": {"codename": "add_animal", "name": "Can add animal", "content_type": 44}}, {"pk": 133, "model": "auth.permission", "fields": {"codename": "change_animal", "name": "Can change animal", "content_type": 44}}, {"pk": 134, "model": "auth.permission", "fields": {"codename": "delete_animal", "name": "Can delete animal", "content_type": 44}}, {"pk": 135, "model": "auth.permission", "fields": {"codename": "view_animal", "name": "Can view animal", "content_type": 44}}, {"pk": 136, "model": "auth.permission", "fields": {"codename": "add_preparation", "name": "Can add preparation", "content_type": 45}}, {"pk": 137, "model": "auth.permission", "fields": {"codename": "change_preparation", "name": "Can change preparation", "content_type": 45}}, {"pk": 138, "model": "auth.permission", "fields": {"codename": "delete_preparation", "name": "Can delete preparation", "content_type": 45}}, {"pk": 139, "model": "auth.permission", "fields": {"codename": "add_experiment", "name": "Can add experiment", "content_type": 46}}, {"pk": 140, "model": "auth.permission", "fields": {"codename": "change_experiment", "name": "Can change experiment", "content_type": 46}}, {"pk": 141, "model": "auth.permission", "fields": {"codename": "delete_experiment", "name": "Can delete experiment", "content_type": 46}}, {"pk": 142, "model": "auth.permission", "fields": {"codename": "view_experiment", "name": "Can view experiment", "content_type": 46}}, {"pk": 143, "model": "auth.permission", "fields": {"codename": "add_drugapplication", "name": "Can add drug application", "content_type": 47}}, {"pk": 144, "model": "auth.permission", "fields": {"codename": "change_drugapplication", "name": "Can change drug application", "content_type": 47}}, {"pk": 145, "model": "auth.permission", "fields": {"codename": "delete_drugapplication", "name": "Can delete drug application", "content_type": 47}}, {"pk": 146, "model": "auth.permission", "fields": {"codename": "add_block", "name": "Can add block", "content_type": 48}}, {"pk": 147, "model": "auth.permission", "fields": {"codename": "change_block", "name": "Can change block", "content_type": 48}}, {"pk": 148, "model": "auth.permission", "fields": {"codename": "delete_block", "name": "Can delete block", "content_type": 48}}, {"pk": 149, "model": "auth.permission", "fields": {"codename": "add_recording", "name": "Can add recording", "content_type": 49}}, {"pk": 150, "model": "auth.permission", "fields": {"codename": "change_recording", "name": "Can change recording", "content_type": 49}}, {"pk": 151, "model": "auth.permission", "fields": {"codename": "delete_recording", "name": "Can delete recording", "content_type": 49}}, {"pk": 152, "model": "auth.permission", "fields": {"codename": "view_recording", "name": "Can view recording", "content_type": 49}}, {"pk": 153, "model": "auth.permission", "fields": {"codename": "add_segment", "name": "Can add segment", "content_type": 50}}, {"pk": 154, "model": "auth.permission", "fields": {"codename": "change_segment", "name": "Can change segment", "content_type": 50}}, {"pk": 155, "model": "auth.permission", "fields": {"codename": "delete_segment", "name": "Can delete segment", "content_type": 50}}, {"pk": 156, "model": "auth.permission", "fields": {"codename": "add_continuoussignal", "name": "Can add continuous signal", "content_type": 51}}, {"pk": 157, "model": "auth.permission", "fields": {"codename": "change_continuoussignal", "name": "Can change continuous signal", "content_type": 51}}, {"pk": 158, "model": "auth.permission", "fields": {"codename": "delete_continuoussignal", "name": "Can delete continuous signal", "content_type": 51}}, {"pk": 159, "model": "auth.permission", "fields": {"codename": "add_discretesignal", "name": "Can add discrete signal", "content_type": 52}}, {"pk": 160, "model": "auth.permission", "fields": {"codename": "change_discretesignal", "name": "Can change discrete signal", "content_type": 52}}, {"pk": 161, "model": "auth.permission", "fields": {"codename": "delete_discretesignal", "name": "Can delete discrete signal", "content_type": 52}}, {"pk": 162, "model": "auth.permission", "fields": {"codename": "add_recordingchannel", "name": "Can add recording channel", "content_type": 53}}, {"pk": 163, "model": "auth.permission", "fields": {"codename": "change_recordingchannel", "name": "Can change recording channel", "content_type": 53}}, {"pk": 164, "model": "auth.permission", "fields": {"codename": "delete_recordingchannel", "name": "Can delete recording channel", "content_type": 53}}, {"pk": 165, "model": "auth.permission", "fields": {"codename": "add_datasource", "name": "Can add data source", "content_type": 54}}, {"pk": 166, "model": "auth.permission", "fields": {"codename": "change_datasource", "name": "Can change data source", "content_type": 54}}, {"pk": 167, "model": "auth.permission", "fields": {"codename": "delete_datasource", "name": "Can delete data source", "content_type": 54}}, {"pk": 168, "model": "auth.permission", "fields": {"codename": "add_step", "name": "Can add step", "content_type": 55}}, {"pk": 169, "model": "auth.permission", "fields": {"codename": "change_step", "name": "Can change step", "content_type": 55}}, {"pk": 170, "model": "auth.permission", "fields": {"codename": "delete_step", "name": "Can delete step", "content_type": 55}}, {"pk": 171, "model": "auth.permission", "fields": {"codename": "add_image", "name": "Can add image", "content_type": 56}}, {"pk": 172, "model": "auth.permission", "fields": {"codename": "change_image", "name": "Can change image", "content_type": 56}}, {"pk": 173, "model": "auth.permission", "fields": {"codename": "delete_image", "name": "Can delete image", "content_type": 56}}, {"pk": 174, "model": "auth.permission", "fields": {"codename": "view_image", "name": "Can view image", "content_type": 56}}, {"pk": 175, "model": "auth.permission", "fields": {"codename": "add_timeline", "name": "Can add timeline", "content_type": 57}}, {"pk": 176, "model": "auth.permission", "fields": {"codename": "change_timeline", "name": "Can change timeline", "content_type": 57}}, {"pk": 177, "model": "auth.permission", "fields": {"codename": "delete_timeline", "name": "Can delete timeline", "content_type": 57}}, {"pk": 178, "model": "auth.permission", "fields": {"codename": "add_event", "name": "Can add event", "content_type": 58}}, {"pk": 179, "model": "auth.permission", "fields": {"codename": "change_event", "name": "Can change event", "content_type": 58}}, {"pk": 180, "model": "auth.permission", "fields": {"codename": "delete_event", "name": "Can delete event", "content_type": 58}}, {"pk": 181, "model": "auth.permission", "fields": {"codename": "add_epoch", "name": "Can add epoch", "content_type": 59}}, {"pk": 182, "model": "auth.permission", "fields": {"codename": "change_epoch", "name": "Can change epoch", "content_type": 59}}, {"pk": 183, "model": "auth.permission", "fields": {"codename": "delete_epoch", "name": "Can delete epoch", "content_type": 59}}, {"pk": 184, "model": "auth.permission", "fields": {"codename": "add_userobjectpermission", "name": "Can add user object permission", "content_type": 60}}, {"pk": 185, "model": "auth.permission", "fields": {"codename": "change_userobjectpermission", "name": "Can change user object permission", "content_type": 60}}, {"pk": 186, "model": "auth.permission", "fields": {"codename": "delete_userobjectpermission", "name": "Can delete user object permission", "content_type": 60}}, {"pk": 187, "model": "auth.permission", "fields": {"codename": "add_groupobjectpermission", "name": "Can add group object permission", "content_type": 61}}, {"pk": 188, "model": "auth.permission", "fields": {"codename": "change_groupobjectpermission", "name": "Can change group object permission", "content_type": 61}}, {"pk": 189, "model": "auth.permission", "fields": {"codename": "delete_groupobjectpermission", "name": "Can delete group object permission", "content_type": 61}}, {"pk": 190, "model": "auth.permission", "fields": {"codename": "add_apiaccess", "name": "Can add api access", "content_type": 62}}, {"pk": 191, "model": "auth.permission", "fields": {"codename": "change_apiaccess", "name": "Can change api access", "content_type": 62}}, {"pk": 192, "model": "auth.permission", "fields": {"codename": "delete_apiaccess", "name": "Can delete api access", "content_type": 62}}, {"pk": 193, "model": "auth.permission", "fields": {"codename": "add_apikey", "name": "Can add api key", "content_type": 63}}, {"pk": 194, "model": "auth.permission", "fields": {"codename": "change_apikey", "name": "Can change api key", "content_type": 63}}, {"pk": 195, "model": "auth.permission", "fields": {"codename": "delete_apikey", "name": "Can delete api key", "content_type": 63}}, {"pk": -1, "model": "auth.user", "fields": {"username": "AnonymousUser", "first_name": "", "last_name": "", "is_active": true, "is_superuser": false, "is_staff": false, "last_login": "2015-11-05T09:54:59.095Z", "groups": [], "user_permissions": [], "password": "", "email": "", "date_joined": "2015-11-05T09:54:59.095Z"}}, {"pk": 1, "model": "auth.user", "fields": {"username": "jo", "first_name": "", "last_name": "", "is_active": true, "is_superuser": true, "is_staff": true, "last_login": "2016-01-27T16:53:45.272Z", "groups": [], "user_permissions": [], "password": "pbkdf2_sha256$10000$SqCd32ntVY0z$3IPf92nfW8VZXgJ9c/RufHm3dq7zmynten1xIO1hi1Y=", "email": "", "date_joined": "2015-11-05T09:54:51.322Z"}}, {"pk": 2, "model": "auth.user", "fields": {"username": "christophe", "first_name": "", "last_name": "", "is_active": true, "is_superuser": false, "is_staff": false, "last_login": "2016-01-07T12:27:26Z", "groups": [], "user_permissions": [139, 140, 141, 142, 181, 182, 183, 178, 179, 180, 175, 176, 177, 37], "password": "pbkdf2_sha256$10000$SZYwz810j5yM$/LxZdgRQfZFjYBHrmfHugQUrTeqMMMSmEsAZqx+TLms=", "email": "", "date_joined": "2016-01-07T12:27:26Z"}}, {"pk": 1, "model": "admin.logentry", "fields": {"action_flag": 1, "action_time": "2015-11-05T10:12:31.565Z", "object_repr": "f", "object_id": "1", "change_message": "", "user": 1, "content_type": 11}}, {"pk": 2, "model": "admin.logentry", "fields": {"action_flag": 1, "action_time": "2015-11-05T10:12:34.475Z", "object_repr": "f \u2192 ", "object_id": "1", "change_message": "", "user": 1, "content_type": 38}}, {"pk": 3, "model": "admin.logentry", "fields": {"action_flag": 3, "action_time": "2015-11-05T13:12:29.665Z", "object_repr": "2015-11-05 13:11:40.897000+00:00", "object_id": "2", "change_message": "", "user": 1, "content_type": 58}}, {"pk": 4, "model": "admin.logentry", "fields": {"action_flag": 3, "action_time": "2015-11-05T17:00:37.475Z", "object_repr": "2015-11-05 17:00:21.925000+00:00", "object_id": "11", "change_message": "", "user": 1, "content_type": 59}}, {"pk": 5, "model": "admin.logentry", "fields": {"action_flag": 3, "action_time": "2015-11-05T17:02:30.913Z", "object_repr": "2015-11-05 16:04:19.484000+00:00", "object_id": "4", "change_message": "", "user": 1, "content_type": 59}}, {"pk": 6, "model": "admin.logentry", "fields": {"action_flag": 3, "action_time": "2015-11-06T09:06:11.343Z", "object_repr": "2015-11-05 17:23:43.926000+00:00", "object_id": "18", "change_message": "", "user": 1, "content_type": 59}}, {"pk": 7, "model": "admin.logentry", "fields": {"action_flag": 3, "action_time": "2015-11-06T09:06:11.435Z", "object_repr": "2015-11-05 17:23:29.325000+00:00", "object_id": "17", "change_message": "", "user": 1, "content_type": 59}}, {"pk": 8, "model": "admin.logentry", "fields": {"action_flag": 3, "action_time": "2015-11-06T09:06:11.519Z", "object_repr": "2015-11-05 17:23:20.565000+00:00", "object_id": "16", "change_message": "", "user": 1, "content_type": 59}}, {"pk": 9, "model": "admin.logentry", "fields": {"action_flag": 3, "action_time": "2015-11-06T09:06:11.595Z", "object_repr": "2015-11-05 17:20:01.710000+00:00", "object_id": "15", "change_message": "", "user": 1, "content_type": 59}}, {"pk": 10, "model": "admin.logentry", "fields": {"action_flag": 3, "action_time": "2015-11-06T09:06:11.696Z", "object_repr": "2015-11-05 17:17:40.893000+00:00", "object_id": "14", "change_message": "", "user": 1, "content_type": 59}}, {"pk": 11, "model": "admin.logentry", "fields": {"action_flag": 3, "action_time": "2015-11-06T09:06:11.781Z", "object_repr": "2015-11-05 17:17:30.613000+00:00", "object_id": "13", "change_message": "", "user": 1, "content_type": 59}}, {"pk": 12, "model": "admin.logentry", "fields": {"action_flag": 3, "action_time": "2015-11-06T09:06:11.865Z", "object_repr": "2015-11-05 17:17:20.357000+00:00", "object_id": "12", "change_message": "", "user": 1, "content_type": 59}}, {"pk": 13, "model": "admin.logentry", "fields": {"action_flag": 3, "action_time": "2015-11-06T09:06:11.968Z", "object_repr": "2015-11-05 17:17:11.317000+00:00", "object_id": "11", "change_message": "", "user": 1, "content_type": 59}}, {"pk": 14, "model": "admin.logentry", "fields": {"action_flag": 2, "action_time": "2015-11-06T17:23:14.944Z", "object_repr": "2015-11-05 18:23:12+00:00", "object_id": "1", "change_message": "Changed date.", "user": 1, "content_type": 58}}, {"pk": 15, "model": "admin.logentry", "fields": {"action_flag": 2, "action_time": "2015-11-16T16:01:56.157Z", "object_repr": "2015-11-05 10:55:00+00:00", "object_id": "2", "change_message": "Changed date.", "user": 1, "content_type": 58}}, {"pk": 16, "model": "admin.logentry", "fields": {"action_flag": 1, "action_time": "2015-11-24T12:43:01.727Z", "object_repr": "555dfs", "object_id": "1", "change_message": "", "user": 1, "content_type": 15}}, {"pk": 17, "model": "admin.logentry", "fields": {"action_flag": 1, "action_time": "2015-11-24T12:43:13.046Z", "object_repr": "555dfs - strain01 (strain01)", "object_id": "strain01", "change_message": "", "user": 1, "content_type": 16}}, {"pk": 18, "model": "admin.logentry", "fields": {"action_flag": 1, "action_time": "2015-11-24T12:43:38.864Z", "object_repr": "cat01, 555dfs - strain01 (strain01)", "object_id": "1", "change_message": "", "user": 1, "content_type": 44}}, {"pk": 19, "model": "admin.logentry", "fields": {"action_flag": 1, "action_time": "2015-11-24T12:44:00.442Z", "object_repr": "moise01, 555dfs - strain01 (strain01)", "object_id": "2", "change_message": "", "user": 1, "content_type": 44}}, {"pk": 20, "model": "admin.logentry", "fields": {"action_flag": 1, "action_time": "2015-11-24T14:06:57.102Z", "object_repr": "fds", "object_id": "fds", "change_message": "", "user": 1, "content_type": 33}}, {"pk": 21, "model": "admin.logentry", "fields": {"action_flag": 1, "action_time": "2015-11-24T14:07:01.167Z", "object_repr": "gdf gdf <fds>", "object_id": "1", "change_message": "", "user": 1, "content_type": 34}}, {"pk": 22, "model": "admin.logentry", "fields": {"action_flag": 1, "action_time": "2015-11-24T14:07:09.666Z", "object_repr": "gfdfd", "object_id": "gfdfd", "change_message": "", "user": 1, "content_type": 30}}, {"pk": 23, "model": "admin.logentry", "fields": {"action_flag": 1, "action_time": "2015-11-24T14:07:12.916Z", "object_repr": "gfdgfd", "object_id": "gfdgfd", "change_message": "", "user": 1, "content_type": 30}}, {"pk": 24, "model": "admin.logentry", "fields": {"action_flag": 1, "action_time": "2015-11-24T14:07:19.626Z", "object_repr": "IN-VIVO-EXTRA, cat01, 555dfs - strain01 (strain01)", "object_id": "1", "change_message": "", "user": 1, "content_type": 45}}, {"pk": 25, "model": "admin.logentry", "fields": {"action_flag": 1, "action_time": "2015-11-24T14:07:37.028Z", "object_repr": "IN-VIVO-VSD, moise01, 555dfs - strain01 (strain01)", "object_id": "2", "change_message": "", "user": 1, "content_type": 45}}, {"pk": 26, "model": "admin.logentry", "fields": {"action_flag": 1, "action_time": "2015-11-24T14:52:24.430Z", "object_repr": "sup156533 dsq6dqs ", "object_id": "sup1", "change_message": "", "user": 1, "content_type": 14}}, {"pk": 27, "model": "admin.logentry", "fields": {"action_flag": 2, "action_time": "2015-11-24T14:52:37.073Z", "object_repr": "moise01, 555dfs - strain01 (strain01)", "object_id": "2", "change_message": "Changed supplier.", "user": 1, "content_type": 44}}, {"pk": 28, "model": "admin.logentry", "fields": {"action_flag": 2, "action_time": "2015-11-24T14:52:41.301Z", "object_repr": "cat01, 555dfs - strain01 (strain01)", "object_id": "1", "change_message": "Changed supplier.", "user": 1, "content_type": 44}}, {"pk": 29, "model": "admin.logentry", "fields": {"action_flag": 1, "action_time": "2015-11-25T16:08:30.175Z", "object_repr": "sup2aa454545 dsds ", "object_id": "sup2aa", "change_message": "", "user": 1, "content_type": 14}}, {"pk": 30, "model": "admin.logentry", "fields": {"action_flag": 2, "action_time": "2015-11-26T10:43:48.396Z", "object_repr": "IN-VIVO-VSD, moise01AA, 555dfs - strain01 (strain01)", "object_id": "2", "change_message": "Changed thickness.", "user": 1, "content_type": 45}}, {"pk": 31, "model": "admin.logentry", "fields": {"action_flag": 1, "action_time": "2015-12-02T17:00:57.287Z", "object_repr": "AnonymousUser", "object_id": "1", "change_message": "", "user": 1, "content_type": 12}}, {"pk": 32, "model": "admin.logentry", "fields": {"action_flag": 2, "action_time": "2015-12-02T17:00:59.945Z", "object_repr": "2015 47 a", "object_id": "10", "change_message": "Changed researchers and preparation.", "user": 1, "content_type": 46}}, {"pk": 33, "model": "admin.logentry", "fields": {"action_flag": 1, "action_time": "2015-12-10T14:22:00.984Z", "object_repr": "jo", "object_id": "2", "change_message": "", "user": 1, "content_type": 12}}, {"pk": 34, "model": "admin.logentry", "fields": {"action_flag": 2, "action_time": "2015-12-10T14:53:20.586Z", "object_repr": "2015 49", "object_id": "13", "change_message": "Changed researchers.", "user": 1, "content_type": 46}}, {"pk": 35, "model": "admin.logentry", "fields": {"action_flag": 2, "action_time": "2015-12-16T10:13:12.429Z", "object_repr": "2015 51 2", "object_id": "15", "change_message": "Changed end.", "user": 1, "content_type": 46}}, {"pk": 36, "model": "admin.logentry", "fields": {"action_flag": 2, "action_time": "2015-12-16T15:09:20.347Z", "object_repr": "2015 51 08", "object_id": "23", "change_message": "Changed end.", "user": 1, "content_type": 46}}, {"pk": 37, "model": "admin.logentry", "fields": {"action_flag": 1, "action_time": "2016-01-07T12:27:26.711Z", "object_repr": "christophe", "object_id": "2", "change_message": "", "user": 1, "content_type": 3}}, {"pk": 38, "model": "admin.logentry", "fields": {"action_flag": 2, "action_time": "2016-01-07T12:29:17.686Z", "object_repr": "christophe", "object_id": "2", "change_message": "Changed password and user_permissions.", "user": 1, "content_type": 3}}, {"pk": 39, "model": "admin.logentry", "fields": {"action_flag": 2, "action_time": "2016-01-07T12:37:54.222Z", "object_repr": "christophe", "object_id": "2", "change_message": "Changed password and user_permissions.", "user": 1, "content_type": 3}}, {"pk": 1, "model": "people.organization", "fields": {"dissolution_date": null, "name": "ffds", "parent": null, "diminutive": "f", "description": "", "is_data_provider": false, "db_group": null, "foundation_date": null}}, {"pk": 1, "model": "people.researcher", "fields": {"website": "http://www.dkdkdk.ld/", "town": "qz", "country": "eza", "notes": "", "phone": "6555", "state": "", "postal_code": "5555", "user": -1, "street_address": "2az"}}, {"pk": 2, "model": "people.researcher", "fields": {"website": "http://www.dsf65fdsdfs.de/", "town": "fds65", "country": "ds65f", "notes": "", "phone": "56", "state": "", "postal_code": "56655", "user": 1, "street_address": "fdsfds"}}]